,sol,solar_longitude,month,min_temp,max_temp,pressure
0,1977,135,5,-77.0,-10.0,727.0
1,1976,135,5,-77.0,-10.0,728.0
2,1975,134,5,-76.0,-16.0,729.0
3,1974,134,5,-77.0,-13.0,729.0
4,1973,133,5,-78.0,-18.0,730.0
5,1972,133,5,-78.0,-14.0,730.0
6,1971,132,5,-78.0,-13.0,731.0
7,1970,132,5,-77.0,-16.0,731.0
8,1969,131,5,-76.0,-16.0,732.0
9,1968,131,5,-76.0,-19.0,732.0
10,1967,130,5,-76.0,-15.0,734.0
11,1966,130,5,-77.0,-18.0,735.0
12,1965,129,5,-76.0,-12.0,735.0
13,1964,129,5,-76.0,-16.0,736.0
14,1963,128,5,-77.0,-14.0,737.0
15,1962,128,5,-78.0,-14.0,738.0
16,1961,127,5,-77.0,-21.0,740.0
17,1960,127,5,-78.0,-14.0,740.0
18,1959,126,5,-78.0,-15.0,740.0
19,1958,126,5,-77.0,-14.0,741.0
20,1957,125,5,-77.0,-21.0,742.0
21,1956,125,5,-79.0,-14.0,744.0
22,1955,124,5,-77.0,-21.0,745.0
23,1954,124,5,-77.0,-17.0,745.0
24,1953,123,5,-78.0,-22.0,747.0
25,1952,123,5,-80.0,-25.0,748.0
26,1951,122,5,-77.0,-23.0,749.0
27,1950,122,5,-79.0,-15.0,750.0
28,1949,121,5,-78.0,-20.0,751.0
29,1948,121,5,-78.0,-18.0,752.0
30,1947,120,5,-78.0,-19.0,751.0
31,1946,120,5,-79.0,-20.0,753.0
32,1945,119,4,-78.0,-22.0,754.0
33,1944,119,4,-80.0,-21.0,755.0
34,1943,118,4,-78.0,-28.0,756.0
35,1942,118,4,-78.0,-27.0,757.0
36,1941,117,4,-77.0,-20.0,758.0
37,1940,117,4,-77.0,-19.0,759.0
38,1939,116,4,-78.0,-20.0,760.0
39,1938,116,4,-78.0,-24.0,762.0
40,1937,116,4,-80.0,-22.0,763.0
41,1936,115,4,-79.0,-20.0,764.0
42,1935,115,4,-80.0,-21.0,765.0
43,1934,114,4,-79.0,-21.0,766.0
44,1933,114,4,-78.0,-23.0,767.0
45,1932,113,4,-79.0,-24.0,768.0
46,1931,113,4,-79.0,-22.0,770.0
47,1930,112,4,-79.0,-24.0,770.0
48,1929,112,4,-79.0,-26.0,771.0
49,1928,111,4,-78.0,-24.0,773.0
50,1927,111,4,-79.0,-24.0,774.0
51,1926,110,4,-80.0,-24.0,775.0
52,1925,110,4,-79.0,-19.0,777.0
53,1924,109,4,-78.0,-21.0,777.0
54,1923,109,4,-77.0,-23.0,778.0
55,1922,108,4,-79.0,-24.0,780.0
56,1921,108,4,-78.0,-19.0,781.0
57,1920,108,4,-77.0,-25.0,782.0
58,1919,107,4,-77.0,-26.0,783.0
59,1918,107,4,-77.0,-18.0,784.0
60,1917,106,4,-80.0,-19.0,786.0
61,1916,106,4,-79.0,-22.0,787.0
62,1915,105,4,-78.0,-23.0,788.0
63,1914,105,4,-78.0,-21.0,790.0
64,1913,104,4,-79.0,-27.0,791.0
65,1912,104,4,-80.0,-25.0,791.0
66,1911,103,4,-79.0,-22.0,792.0
67,1910,103,4,-80.0,-23.0,794.0
68,1909,102,4,-80.0,-27.0,795.0
69,1908,102,4,-79.0,-28.0,796.0
70,1907,101,4,-79.0,-29.0,798.0
71,1906,101,4,-79.0,-23.0,799.0
72,1905,101,4,-80.0,-22.0,800.0
73,1904,100,4,-79.0,-27.0,801.0
74,1903,100,4,-78.0,-25.0,803.0
75,1902,99,4,-79.0,-27.0,804.0
76,1901,99,4,-81.0,-28.0,806.0
77,1900,98,4,-81.0,-25.0,807.0
78,1899,98,4,-81.0,-23.0,808.0
79,1898,97,4,-81.0,-27.0,810.0
80,1897,97,4,-80.0,-27.0,811.0
81,1896,96,4,-79.0,-23.0,812.0
82,1895,96,4,-78.0,-29.0,814.0
83,1894,96,4,-79.0,-28.0,815.0
84,1893,95,4,-79.0,-25.0,816.0
85,1892,95,4,-81.0,-29.0,817.0
86,1891,94,4,-80.0,-25.0,819.0
87,1890,94,4,-79.0,-28.0,821.0
88,1889,93,4,-80.0,-28.0,822.0
89,1888,93,4,-79.0,-25.0,823.0
90,1887,92,4,-79.0,-26.0,824.0
91,1886,92,4,-79.0,-27.0,826.0
92,1885,91,4,-79.0,-30.0,827.0
93,1884,91,4,-79.0,-29.0,829.0
94,1883,91,4,-78.0,-28.0,830.0
95,1882,90,4,-78.0,-31.0,831.0
96,1881,90,4,-79.0,-28.0,832.0
97,1880,89,3,-79.0,-30.0,833.0
98,1879,89,3,-79.0,-31.0,834.0
99,1878,88,3,-79.0,-29.0,835.0
100,1877,88,3,-79.0,-30.0,837.0
101,1876,87,3,-79.0,-29.0,838.0
102,1875,87,3,-79.0,-23.0,839.0
103,1874,86,3,-80.0,-29.0,840.0
104,1873,86,3,-79.0,-25.0,842.0
105,1872,86,3,-79.0,-29.0,843.0
106,1871,85,3,-80.0,-30.0,844.0
107,1870,85,3,-81.0,-29.0,845.0
108,1869,84,3,-81.0,-24.0,846.0
109,1868,84,3,-80.0,-24.0,848.0
110,1867,83,3,-78.0,-24.0,848.0
111,1866,83,3,-80.0,-28.0,850.0
112,1865,82,3,-80.0,-31.0,852.0
113,1864,82,3,-82.0,-22.0,852.0
114,1863,81,3,-80.0,-30.0,853.0
115,1862,81,3,-81.0,-30.0,854.0
116,1861,81,3,-79.0,-29.0,855.0
117,1860,80,3,-80.0,-31.0,857.0
118,1859,80,3,-79.0,-30.0,857.0
119,1858,79,3,-81.0,-28.0,857.0
120,1857,79,3,-80.0,-30.0,858.0
121,1856,78,3,-80.0,-28.0,859.0
122,1855,78,3,-78.0,-32.0,861.0
123,1854,77,3,-80.0,-26.0,861.0
124,1853,77,3,-80.0,-32.0,862.0
125,1852,77,3,-80.0,-31.0,863.0
126,1851,76,3,-87.0,-30.0,864.0
127,1850,76,3,-80.0,-30.0,864.0
128,1849,75,3,-80.0,-24.0,864.0
129,1848,75,3,-80.0,-28.0,865.0
130,1847,74,3,-80.0,-30.0,866.0
131,1846,74,3,-80.0,-30.0,868.0
132,1845,73,3,-80.0,-29.0,868.0
133,1844,73,3,-81.0,-28.0,869.0
134,1843,72,3,-80.0,-29.0,869.0
135,1842,72,3,-79.0,-27.0,869.0
136,1841,72,3,-77.0,-32.0,870.0
137,1840,71,3,-77.0,-29.0,871.0
138,1839,71,3,-80.0,-30.0,872.0
139,1838,70,3,-79.0,-27.0,872.0
140,1837,70,3,-81.0,-28.0,872.0
141,1836,69,3,-81.0,-29.0,873.0
142,1835,69,3,-80.0,-31.0,873.0
143,1834,68,3,-80.0,-25.0,875.0
144,1833,68,3,-81.0,-30.0,875.0
145,1832,68,3,-84.0,-30.0,875.0
146,1831,67,3,-80.0,-26.0,876.0
147,1830,67,3,-80.0,-23.0,877.0
148,1829,66,3,-78.0,-29.0,877.0
149,1828,66,3,-80.0,-27.0,878.0
150,1827,65,3,-80.0,-28.0,879.0
151,1826,65,3,-80.0,-26.0,878.0
152,1825,64,3,-80.0,-27.0,878.0
153,1824,64,3,-80.0,-28.0,879.0
154,1823,64,3,-80.0,-28.0,879.0
155,1822,63,3,-78.0,-27.0,881.0
156,1821,63,3,-81.0,-29.0,882.0
157,1820,62,3,-79.0,-29.0,881.0
158,1819,62,3,-82.0,-28.0,880.0
159,1818,61,3,-81.0,-25.0,881.0
160,1817,61,3,-80.0,-29.0,882.0
161,1816,60,3,-82.0,-30.0,882.0
162,1815,60,3,-81.0,-29.0,881.0
163,1814,59,2,-80.0,-26.0,881.0
164,1813,59,2,-80.0,-27.0,881.0
165,1812,59,2,-79.0,-23.0,882.0
166,1811,58,2,-79.0,-25.0,882.0
167,1810,58,2,-78.0,-25.0,883.0
168,1809,57,2,-80.0,-25.0,884.0
169,1808,57,2,-79.0,-26.0,884.0
170,1807,56,2,-78.0,-23.0,884.0
171,1806,56,2,-80.0,-25.0,884.0
172,1805,55,2,-78.0,-27.0,883.0
173,1804,55,2,-78.0,-29.0,883.0
174,1803,55,2,-78.0,-25.0,882.0
175,1802,54,2,-79.0,-26.0,882.0
176,1801,54,2,-80.0,-21.0,882.0
177,1800,53,2,-80.0,-24.0,883.0
178,1799,53,2,-78.0,-24.0,883.0
179,1798,52,2,-79.0,-25.0,883.0
180,1797,52,2,-79.0,-27.0,884.0
181,1796,51,2,-80.0,-23.0,883.0
182,1795,51,2,-81.0,-19.0,882.0
183,1794,50,2,-80.0,-25.0,883.0
184,1793,50,2,-80.0,-22.0,883.0
185,1792,50,2,-80.0,-27.0,883.0
186,1791,49,2,-79.0,-23.0,882.0
187,1790,49,2,-81.0,-22.0,882.0
188,1789,48,2,-79.0,-19.0,881.0
189,1788,48,2,-79.0,-21.0,881.0
190,1787,47,2,-79.0,-26.0,881.0
191,1785,46,2,-77.0,-20.0,881.0
192,1784,46,2,-80.0,-22.0,883.0
193,1783,45,2,-79.0,-23.0,879.0
194,1782,45,2,-78.0,-22.0,878.0
195,1781,45,2,-78.0,-22.0,879.0
196,1780,44,2,-77.0,-20.0,879.0
197,1779,44,2,-78.0,-23.0,878.0
198,1778,43,2,-81.0,-23.0,877.0
199,1777,43,2,-79.0,-22.0,877.0
200,1776,42,2,-79.0,-24.0,877.0
201,1775,42,2,-80.0,-22.0,877.0
202,1774,41,2,-79.0,-18.0,877.0
203,1773,41,2,-78.0,-22.0,876.0
204,1772,40,2,-78.0,-20.0,876.0
205,1771,40,2,-79.0,-22.0,876.0
206,1770,39,2,-79.0,-19.0,875.0
207,1769,39,2,-76.0,-23.0,875.0
208,1768,39,2,-78.0,-22.0,875.0
209,1767,38,2,-77.0,-22.0,874.0
210,1766,38,2,-79.0,-17.0,873.0
211,1765,37,2,-77.0,-20.0,873.0
212,1764,37,2,-79.0,-18.0,872.0
213,1763,36,2,-78.0,-20.0,873.0
214,1762,36,2,-77.0,-20.0,872.0
215,1761,35,2,-77.0,-20.0,872.0
216,1760,35,2,-78.0,-18.0,872.0
217,1759,34,2,-77.0,-20.0,871.0
218,1758,34,2,-78.0,-20.0,871.0
219,1757,33,2,-78.0,-21.0,871.0
220,1756,33,2,-78.0,-23.0,871.0
221,1755,32,2,-77.0,-22.0,870.0
222,1754,32,2,-78.0,-20.0,870.0
223,1753,32,2,-76.0,-16.0,868.0
224,1752,31,2,-80.0,-16.0,867.0
225,1751,31,2,-78.0,-23.0,867.0
226,1750,30,2,-77.0,-17.0,867.0
227,1749,30,2,-76.0,-21.0,867.0
228,1748,29,1,-79.0,-19.0,867.0
229,1747,29,1,-79.0,-16.0,866.0
230,1746,28,1,-76.0,-16.0,866.0
231,1745,28,1,-78.0,-19.0,865.0
232,1744,27,1,-78.0,-22.0,863.0
233,1743,27,1,-78.0,-21.0,863.0
234,1742,26,1,-77.0,-12.0,865.0
235,1741,26,1,-78.0,-18.0,863.0
236,1740,25,1,-78.0,-21.0,861.0
237,1739,25,1,-77.0,-22.0,861.0
238,1738,24,1,-78.0,-22.0,861.0
239,1737,24,1,-78.0,-19.0,861.0
240,1736,23,1,-77.0,-16.0,860.0
241,1735,23,1,-78.0,-13.0,861.0
242,1734,23,1,-78.0,-22.0,859.0
243,1733,22,1,-77.0,-21.0,859.0
244,1732,22,1,-78.0,-24.0,858.0
245,1731,21,1,-78.0,-24.0,857.0
246,1730,21,1,-77.0,-20.0,858.0
247,1729,20,1,-76.0,-19.0,858.0
248,1728,20,1,-76.0,-16.0,855.0
249,1727,19,1,-75.0,-13.0,855.0
250,1726,19,1,-76.0,-17.0,855.0
251,1725,18,1,-79.0,-18.0,857.0
252,1724,18,1,-77.0,-21.0,856.0
253,1723,17,1,-76.0,-16.0,854.0
254,1722,17,1,-77.0,-13.0,854.0
255,1721,16,1,-76.0,-16.0,852.0
256,1720,16,1,-76.0,-17.0,853.0
257,1719,15,1,-77.0,-19.0,853.0
258,1718,15,1,-77.0,-16.0,852.0
259,1717,14,1,-76.0,-12.0,851.0
260,1716,14,1,-76.0,-10.0,850.0
261,1715,13,1,-77.0,-10.0,851.0
262,1714,13,1,-77.0,-13.0,849.0
263,1713,12,1,-75.0,-10.0,850.0
264,1712,12,1,-77.0,-11.0,849.0
265,1711,11,1,-75.0,-13.0,848.0
266,1710,11,1,-76.0,-12.0,848.0
267,1709,10,1,-76.0,-14.0,847.0
268,1708,10,1,-76.0,-13.0,846.0
269,1707,9,1,-77.0,-12.0,846.0
270,1706,9,1,-77.0,-17.0,845.0
271,1705,8,1,-76.0,-11.0,845.0
272,1704,8,1,-77.0,-14.0,844.0
273,1703,7,1,-76.0,-12.0,843.0
274,1702,7,1,-75.0,-12.0,842.0
275,1701,6,1,-76.0,-12.0,841.0
276,1700,6,1,-76.0,-14.0,842.0
277,1699,5,1,-76.0,-12.0,843.0
278,1698,5,1,-77.0,-12.0,842.0
279,1697,4,1,-77.0,-15.0,841.0
280,1696,4,1,-75.0,-17.0,841.0
281,1695,3,1,-77.0,-13.0,840.0
282,1694,3,1,-76.0,-12.0,840.0
283,1693,2,1,-76.0,-12.0,840.0
284,1692,2,1,-62.0,-11.0,820.0
285,1690,1,1,-76.0,-14.0,840.0
286,1689,0,1,-75.0,-10.0,840.0
287,1688,0,1,-76.0,-13.0,840.0
288,1687,359,12,-75.0,-11.0,838.0
289,1686,359,12,-75.0,-13.0,838.0
290,1685,358,12,-77.0,-14.0,838.0
291,1684,358,12,-75.0,-14.0,837.0
292,1683,357,12,-75.0,-15.0,837.0
293,1682,357,12,-76.0,-13.0,839.0
294,1681,356,12,-74.0,-12.0,837.0
295,1680,356,12,-74.0,-11.0,835.0
296,1679,355,12,-75.0,-12.0,836.0
297,1678,355,12,-74.0,-11.0,836.0
298,1677,354,12,-74.0,-8.0,835.0
299,1676,354,12,-76.0,-11.0,837.0
300,1675,353,12,-75.0,-6.0,835.0
301,1674,352,12,-75.0,-6.0,835.0
302,1673,352,12,-75.0,-6.0,836.0
303,1672,351,12,-74.0,-5.0,833.0
304,1671,351,12,-76.0,-7.0,832.0
305,1670,350,12,-76.0,-12.0,834.0
306,1669,350,12,-74.0,-12.0,833.0
307,1668,349,12,-77.0,-4.0,831.0
308,1667,349,12,-76.0,-9.0,833.0
309,1666,348,12,-76.0,-8.0,834.0
310,1665,348,12,-76.0,-7.0,833.0
311,1664,347,12,-74.0,-8.0,832.0
312,1663,347,12,-74.0,-6.0,832.0
313,1662,346,12,-75.0,-3.0,831.0
314,1661,346,12,-75.0,-5.0,831.0
315,1660,345,12,-74.0,-5.0,832.0
316,1659,345,12,-77.0,-7.0,832.0
317,1658,344,12,-77.0,-8.0,835.0
318,1657,343,12,-75.0,-9.0,836.0
319,1656,343,12,-75.0,-3.0,832.0
320,1655,342,12,-76.0,-14.0,831.0
321,1654,342,12,-75.0,-17.0,829.0
322,1653,341,12,-75.0,-15.0,833.0
323,1652,341,12,-76.0,-15.0,834.0
324,1651,340,12,-77.0,-8.0,833.0
325,1650,340,12,-75.0,-8.0,833.0
326,1649,339,12,-74.0,-8.0,830.0
327,1648,339,12,-73.0,-14.0,830.0
328,1647,338,12,-73.0,-3.0,831.0
329,1646,337,12,-74.0,-8.0,831.0
330,1645,337,12,-74.0,-3.0,832.0
331,1644,336,12,-74.0,-10.0,832.0
332,1643,336,12,-74.0,-11.0,832.0
333,1642,335,12,-72.0,-13.0,829.0
334,1641,335,12,-72.0,-6.0,831.0
335,1640,334,12,-72.0,-8.0,832.0
336,1639,334,12,-71.0,-6.0,832.0
337,1638,333,12,-73.0,-9.0,833.0
338,1637,332,12,-73.0,-10.0,833.0
339,1636,332,12,-72.0,-14.0,834.0
340,1635,331,12,-73.0,-7.0,833.0
341,1634,331,12,-72.0,-5.0,834.0
342,1633,330,12,-75.0,-4.0,834.0
343,1632,330,12,-72.0,-4.0,836.0
344,1631,329,11,-77.0,-6.0,837.0
345,1630,328,11,-77.0,-6.0,838.0
346,1629,328,11,-74.0,-8.0,837.0
347,1628,327,11,-71.0,-8.0,839.0
348,1627,327,11,-72.0,-9.0,838.0
349,1626,326,11,-71.0,-11.0,839.0
350,1625,326,11,-71.0,-8.0,839.0
351,1624,325,11,-72.0,-8.0,837.0
352,1623,324,11,-71.0,-10.0,840.0
353,1622,324,11,-71.0,-9.0,841.0
354,1621,323,11,-73.0,-13.0,842.0
355,1620,323,11,-70.0,-9.0,844.0
356,1619,322,11,-73.0,-8.0,841.0
357,1618,322,11,-71.0,-7.0,845.0
358,1617,321,11,-72.0,-8.0,840.0
359,1616,320,11,-73.0,-8.0,848.0
360,1615,320,11,-73.0,-5.0,842.0
361,1614,319,11,-73.0,-8.0,837.0
362,1613,319,11,-72.0,-2.0,846.0
366,1609,316,11,-71.0,-7.0,847.0
367,1608,316,11,-72.0,-8.0,847.0
368,1607,315,11,-77.0,-12.0,846.0
369,1606,315,11,-75.0,-10.0,850.0
370,1605,314,11,-73.0,-13.0,846.0
371,1604,313,11,-77.0,-11.0,850.0
372,1603,313,11,-76.0,-5.0,847.0
373,1602,312,11,-77.0,-5.0,852.0
374,1601,312,11,-71.0,-2.0,853.0
375,1600,311,11,-71.0,-7.0,850.0
376,1599,310,11,-72.0,-7.0,853.0
377,1598,310,11,-70.0,-4.0,849.0
378,1597,309,11,-73.0,-8.0,855.0
379,1596,309,11,-74.0,-6.0,850.0
380,1595,308,11,-71.0,-7.0,855.0
381,1594,307,11,-74.0,-6.0,855.0
382,1593,307,11,-72.0,-1.0,852.0
383,1592,306,11,-71.0,0.0,857.0
384,1591,306,11,-73.0,-1.0,852.0
385,1590,305,11,-76.0,-1.0,860.0
386,1589,304,11,-72.0,-2.0,857.0
387,1588,304,11,-72.0,0.0,858.0
388,1587,303,11,-73.0,-1.0,860.0
389,1586,303,11,-72.0,-1.0,858.0
390,1585,302,11,-76.0,-2.0,864.0
391,1584,301,11,-77.0,-2.0,860.0
392,1583,301,11,-75.0,-4.0,862.0
393,1582,300,11,-74.0,-1.0,862.0
394,1581,299,10,-72.0,-1.0,862.0
395,1580,299,10,-72.0,-2.0,867.0
396,1579,298,10,-73.0,-3.0,862.0
397,1578,298,10,-74.0,-5.0,868.0
398,1577,297,10,-72.0,-3.0,866.0
399,1576,296,10,-72.0,-1.0,869.0
400,1575,296,10,-73.0,0.0,871.0
401,1574,295,10,-72.0,4.0,868.0
402,1573,295,10,-74.0,-2.0,872.0
403,1572,294,10,-81.0,-6.0,869.0
404,1571,293,10,-70.0,-3.0,873.0
405,1570,293,10,-71.0,-6.0,873.0
406,1569,292,10,-70.0,-4.0,873.0
407,1568,291,10,-71.0,-5.0,876.0
408,1567,291,10,-70.0,-5.0,872.0
409,1566,290,10,-76.0,-6.0,876.0
410,1565,290,10,-72.0,-6.0,874.0
411,1564,289,10,-70.0,-7.0,877.0
412,1563,288,10,-75.0,-6.0,879.0
413,1562,288,10,-73.0,-5.0,877.0
414,1561,287,10,-77.0,-8.0,877.0
415,1560,286,10,-76.0,-10.0,877.0
416,1559,286,10,-76.0,-7.0,879.0
417,1558,285,10,-72.0,-6.0,880.0
418,1557,284,10,-70.0,-6.0,883.0
419,1556,284,10,-72.0,-5.0,883.0
420,1555,283,10,-71.0,-6.0,883.0
421,1554,283,10,-70.0,-7.0,882.0
422,1553,282,10,-77.0,-9.0,884.0
423,1552,281,10,-74.0,-6.0,886.0
424,1551,281,10,-71.0,0.0,886.0
425,1550,280,10,-71.0,-1.0,888.0
426,1549,279,10,-76.0,-2.0,887.0
427,1548,279,10,-76.0,-8.0,887.0
428,1547,278,10,-75.0,-8.0,887.0
429,1546,277,10,-73.0,-7.0,889.0
430,1545,277,10,-73.0,3.0,891.0
431,1544,276,10,-71.0,1.0,894.0
432,1543,276,10,-74.0,-7.0,896.0
433,1542,275,10,-73.0,-9.0,895.0
434,1541,274,10,-76.0,-8.0,895.0
435,1540,274,10,-72.0,-3.0,896.0
436,1539,273,10,-74.0,-1.0,896.0
437,1538,272,10,-73.0,-3.0,898.0
438,1537,272,10,-74.0,-7.0,900.0
439,1536,271,10,-71.0,-4.0,901.0
440,1535,270,10,-73.0,-1.0,900.0
441,1534,270,10,-73.0,-2.0,898.0
442,1533,269,9,-72.0,-4.0,896.0
443,1532,268,9,-72.0,-3.0,900.0
444,1531,268,9,-76.0,-10.0,900.0
445,1530,267,9,-71.0,-4.0,899.0
446,1529,267,9,-73.0,3.0,900.0
447,1528,266,9,-72.0,-4.0,898.0
448,1527,265,9,-71.0,-6.0,900.0
449,1526,265,9,-72.0,-2.0,900.0
450,1525,264,9,-74.0,-2.0,902.0
451,1524,263,9,-76.0,-4.0,904.0
452,1523,263,9,-77.0,-10.0,905.0
453,1522,262,9,-71.0,-2.0,905.0
454,1521,261,9,-71.0,-1.0,905.0
455,1520,261,9,-73.0,-2.0,905.0
456,1519,260,9,-72.0,5.0,906.0
457,1518,259,9,-78.0,-8.0,909.0
458,1517,259,9,-76.0,2.0,911.0
459,1516,258,9,-71.0,4.0,909.0
460,1515,257,9,-76.0,3.0,906.0
461,1514,257,9,-73.0,0.0,906.0
462,1513,256,9,-74.0,-1.0,907.0
463,1512,255,9,-78.0,0.0,906.0
464,1511,255,9,-77.0,0.0,908.0
465,1510,254,9,-70.0,2.0,908.0
466,1509,254,9,-70.0,3.0,910.0
467,1508,253,9,-70.0,-2.0,907.0
468,1507,252,9,-70.0,-3.0,907.0
469,1506,252,9,-71.0,-1.0,907.0
470,1505,251,9,-69.0,2.0,906.0
471,1504,250,9,-69.0,-1.0,910.0
472,1503,250,9,-70.0,3.0,909.0
473,1502,249,9,-69.0,0.0,907.0
474,1501,248,9,-69.0,3.0,903.0
475,1500,248,9,-70.0,-4.0,903.0
476,1499,247,9,-69.0,-2.0,903.0
477,1498,246,9,-68.0,-9.0,907.0
478,1497,246,9,-68.0,-5.0,909.0
479,1496,245,9,-72.0,-8.0,906.0
480,1495,244,9,-71.0,-7.0,903.0
481,1494,244,9,-70.0,-8.0,904.0
482,1493,243,9,-70.0,-11.0,905.0
483,1492,242,9,-68.0,-10.0,910.0
484,1491,242,9,-69.0,-8.0,906.0
485,1490,241,9,-66.0,-10.0,904.0
486,1489,240,9,-68.0,-8.0,903.0
487,1488,240,9,-69.0,-6.0,902.0
488,1487,239,8,-68.0,-5.0,901.0
489,1486,239,8,-71.0,-1.0,901.0
490,1485,238,8,-71.0,3.0,899.0
491,1484,237,8,-68.0,4.0,895.0
492,1483,237,8,-68.0,1.0,892.0
493,1482,236,8,-68.0,2.0,893.0
494,1481,235,8,-70.0,1.0,893.0
495,1480,235,8,-68.0,1.0,893.0
496,1479,234,8,-66.0,3.0,890.0
497,1478,233,8,-68.0,1.0,887.0
498,1477,233,8,-72.0,0.0,888.0
499,1476,232,8,-69.0,2.0,888.0
500,1475,231,8,-72.0,2.0,890.0
501,1474,231,8,-68.0,2.0,889.0
502,1473,230,8,-67.0,4.0,881.0
503,1472,229,8,-68.0,5.0,879.0
504,1471,229,8,-71.0,4.0,880.0
505,1470,228,8,-70.0,1.0,879.0
506,1469,228,8,-72.0,1.0,881.0
507,1468,227,8,-70.0,5.0,879.0
508,1467,226,8,-69.0,-4.0,877.0
509,1466,226,8,-67.0,-6.0,873.0
510,1465,225,8,-68.0,-3.0,870.0
511,1464,224,8,-71.0,-6.0,871.0
512,1463,224,8,-68.0,-1.0,871.0
513,1462,223,8,-68.0,-5.0,871.0
514,1461,222,8,-69.0,-7.0,870.0
515,1460,222,8,-70.0,-4.0,865.0
516,1459,221,8,-71.0,-2.0,861.0
517,1458,220,8,-69.0,-1.0,859.0
518,1457,220,8,-69.0,-5.0,860.0
519,1456,219,8,-69.0,-1.0,859.0
520,1455,219,8,-70.0,-4.0,858.0
521,1454,218,8,-69.0,3.0,854.0
522,1453,217,8,-73.0,5.0,850.0
523,1452,217,8,-74.0,5.0,845.0
524,1451,216,8,-71.0,5.0,842.0
525,1450,215,8,-69.0,5.0,842.0
526,1449,215,8,-71.0,5.0,841.0
527,1448,214,8,-69.0,5.0,841.0
528,1447,214,8,-74.0,4.0,841.0
529,1446,213,8,-70.0,6.0,841.0
530,1445,212,8,-69.0,1.0,836.0
531,1444,212,8,-69.0,8.0,833.0
532,1443,211,8,-69.0,7.0,831.0
533,1442,210,8,-68.0,0.0,829.0
534,1441,210,8,-74.0,10.0,828.0
535,1440,209,7,-70.0,4.0,828.0
536,1439,208,7,-71.0,5.0,828.0
537,1438,208,7,-68.0,11.0,823.0
538,1437,207,7,-71.0,7.0,821.0
539,1436,207,7,-72.0,4.0,825.0
540,1435,206,7,-71.0,4.0,823.0
541,1434,205,7,-70.0,0.0,818.0
542,1433,205,7,-70.0,6.0,818.0
543,1432,204,7,-71.0,7.0,813.0
544,1431,204,7,-69.0,7.0,811.0
545,1430,203,7,-69.0,5.0,810.0
546,1429,202,7,-70.0,4.0,810.0
547,1428,202,7,-72.0,4.0,808.0
548,1427,201,7,-72.0,8.0,807.0
549,1426,200,7,-71.0,-6.0,803.0
550,1425,200,7,-72.0,-8.0,804.0
551,1424,199,7,-72.0,-8.0,803.0
552,1423,199,7,-71.0,-9.0,800.0
553,1422,198,7,-72.0,-9.0,798.0
554,1421,197,7,-72.0,-9.0,797.0
555,1420,197,7,-71.0,-8.0,793.0
556,1419,196,7,-73.0,-7.0,793.0
557,1418,196,7,-73.0,-9.0,793.0
558,1417,195,7,-70.0,-8.0,791.0
559,1416,194,7,-72.0,5.0,791.0
560,1415,194,7,-72.0,8.0,787.0
561,1414,193,7,-73.0,7.0,785.0
562,1413,193,7,-72.0,5.0,784.0
563,1412,192,7,-78.0,4.0,784.0
564,1411,191,7,-72.0,6.0,782.0
565,1410,191,7,-72.0,7.0,782.0
566,1409,190,7,-74.0,-9.0,781.0
567,1408,190,7,-75.0,-10.0,779.0
568,1407,189,7,-74.0,-9.0,779.0
569,1406,188,7,-76.0,-9.0,775.0
570,1405,188,7,-75.0,-2.0,775.0
571,1404,187,7,-75.0,-10.0,774.0
572,1403,187,7,-75.0,-9.0,771.0
573,1402,186,7,-75.0,-11.0,771.0
574,1401,185,7,-73.0,-4.0,770.0
575,1400,185,7,-73.0,3.0,770.0
576,1399,184,7,-73.0,1.0,770.0
577,1398,184,7,-66.0,3.0,751.0
578,1388,178,6,-73.0,4.0,756.0
579,1387,177,6,-74.0,2.0,755.0
580,1386,177,6,-74.0,-1.0,755.0
581,1385,176,6,-75.0,-3.0,755.0
582,1384,176,6,-74.0,2.0,753.0
583,1383,175,6,-73.0,3.0,752.0
584,1382,174,6,-76.0,-4.0,752.0
585,1381,174,6,-73.0,-8.0,751.0
586,1380,173,6,-74.0,-7.0,751.0
587,1379,173,6,-77.0,-7.0,751.0
588,1378,172,6,-76.0,1.0,751.0
589,1377,172,6,-76.0,1.0,749.0
590,1376,171,6,-75.0,0.0,749.0
591,1375,170,6,-73.0,-2.0,749.0
592,1374,170,6,-75.0,-5.0,748.0
593,1373,169,6,-74.0,-3.0,746.0
594,1372,169,6,-74.0,-4.0,745.0
595,1371,168,6,-75.0,-2.0,746.0
596,1370,168,6,-74.0,-1.0,744.0
597,1369,167,6,-73.0,1.0,742.0
598,1368,167,6,-74.0,-16.0,743.0
599,1367,166,6,-74.0,-14.0,743.0
600,1366,165,6,-75.0,-15.0,740.0
601,1365,165,6,-74.0,-15.0,739.0
602,1364,164,6,-74.0,-16.0,740.0
603,1363,164,6,-75.0,-14.0,740.0
604,1362,163,6,-74.0,-17.0,739.0
605,1361,163,6,-75.0,-16.0,739.0
606,1360,162,6,-76.0,-16.0,739.0
607,1359,162,6,-76.0,-13.0,739.0
608,1358,161,6,-74.0,-16.0,738.0
609,1357,160,6,-72.0,-16.0,738.0
610,1356,160,6,-74.0,-5.0,739.0
611,1355,159,6,-75.0,-11.0,740.0
612,1354,159,6,-75.0,-5.0,739.0
613,1353,158,6,-76.0,-6.0,737.0
614,1352,158,6,-73.0,-6.0,736.0
615,1351,157,6,-72.0,-12.0,739.0
616,1350,157,6,-73.0,-9.0,738.0
617,1349,156,6,-73.0,-9.0,737.0
618,1348,156,6,-76.0,-15.0,735.0
619,1347,155,6,-75.0,-16.0,736.0
620,1346,155,6,-75.0,-16.0,737.0
621,1345,154,6,-75.0,-19.0,735.0
622,1344,153,6,-75.0,-14.0,734.0
623,1343,153,6,-74.0,-8.0,735.0
624,1342,152,6,-80.0,-7.0,735.0
625,1341,152,6,-76.0,-9.0,735.0
626,1340,151,6,-76.0,-15.0,734.0
627,1339,151,6,-77.0,-18.0,733.0
628,1338,150,6,-75.0,-18.0,734.0
629,1337,150,6,-76.0,-13.0,734.0
630,1336,149,5,-75.0,-12.0,732.0
631,1335,149,5,-77.0,-10.0,732.0
632,1334,148,5,-77.0,-12.0,732.0
633,1333,148,5,-76.0,-18.0,733.0
634,1332,147,5,-78.0,-11.0,734.0
635,1331,147,5,-76.0,-19.0,734.0
636,1330,146,5,-78.0,-14.0,734.0
637,1329,146,5,-74.0,-15.0,735.0
638,1328,145,5,-77.0,-12.0,735.0
639,1327,145,5,-76.0,-11.0,736.0
640,1326,144,5,-77.0,-15.0,738.0
641,1325,144,5,-78.0,-14.0,738.0
642,1324,143,5,-78.0,-9.0,738.0
643,1323,142,5,-77.0,-11.0,738.0
644,1322,142,5,-78.0,-10.0,740.0
645,1321,141,5,-77.0,-15.0,740.0
646,1320,141,5,-77.0,-11.0,741.0
647,1319,140,5,-78.0,-8.0,742.0
648,1318,140,5,-80.0,-15.0,743.0
649,1317,139,5,-80.0,-15.0,743.0
650,1316,139,5,-80.0,-20.0,744.0
651,1315,138,5,-77.0,-14.0,744.0
652,1314,138,5,-78.0,-14.0,744.0
653,1313,137,5,-77.0,-14.0,745.0
654,1312,137,5,-77.0,-12.0,745.0
655,1311,136,5,-78.0,-11.0,745.0
656,1310,136,5,-76.0,-15.0,745.0
657,1309,135,5,-81.0,-19.0,747.0
658,1308,135,5,-81.0,-23.0,748.0
659,1307,134,5,-80.0,-27.0,748.0
660,1306,134,5,-79.0,-23.0,748.0
661,1305,133,5,-80.0,-21.0,749.0
662,1304,133,5,-80.0,-22.0,750.0
663,1303,132,5,-78.0,-26.0,751.0
664,1302,132,5,-80.0,-24.0,751.0
665,1301,131,5,-78.0,-20.0,752.0
666,1300,131,5,-79.0,-16.0,752.0
667,1299,130,5,-80.0,-19.0,753.0
668,1298,130,5,-79.0,-17.0,755.0
669,1297,129,5,-80.0,-24.0,755.0
670,1296,129,5,-79.0,-25.0,756.0
671,1295,128,5,-79.0,-20.0,757.0
672,1294,128,5,-79.0,-16.0,758.0
673,1293,127,5,-81.0,-21.0,758.0
674,1292,127,5,-81.0,-22.0,760.0
675,1291,126,5,-80.0,-21.0,760.0
676,1288,125,5,-80.0,-16.0,763.0
677,1287,124,5,-80.0,-18.0,764.0
678,1286,124,5,-80.0,-19.0,765.0
679,1285,123,5,-80.0,-13.0,766.0
680,1284,123,5,-80.0,-21.0,767.0
681,1283,123,5,-82.0,-20.0,767.0
682,1282,122,5,-81.0,-16.0,768.0
683,1281,122,5,-83.0,-22.0,769.0
684,1280,121,5,-84.0,-23.0,771.0
685,1279,121,5,-83.0,-29.0,772.0
686,1278,120,5,-83.0,-29.0,773.0
687,1277,120,5,-84.0,-28.0,774.0
688,1276,119,4,-83.0,-20.0,774.0
689,1275,119,4,-82.0,-17.0,775.0
690,1274,118,4,-82.0,-17.0,777.0
691,1273,118,4,-79.0,-19.0,778.0
692,1272,117,4,-81.0,-23.0,780.0
693,1271,117,4,-84.0,-22.0,781.0
694,1270,116,4,-82.0,-18.0,782.0
695,1269,116,4,-83.0,-17.0,782.0
696,1268,115,4,-83.0,-24.0,784.0
697,1267,115,4,-83.0,-24.0,786.0
698,1266,114,4,-82.0,-27.0,787.0
699,1265,114,4,-81.0,-28.0,787.0
700,1264,113,4,-84.0,-27.0,787.0
701,1263,113,4,-84.0,-29.0,788.0
702,1262,112,4,-81.0,-29.0,790.0
703,1261,112,4,-81.0,-25.0,790.0
704,1260,112,4,-83.0,-23.0,792.0
705,1259,111,4,-84.0,-25.0,794.0
706,1258,111,4,-83.0,-23.0,794.0
707,1257,110,4,-84.0,-21.0,794.0
708,1256,110,4,-84.0,-27.0,797.0
709,1255,109,4,-84.0,-25.0,798.0
710,1254,109,4,-84.0,-29.0,799.0
711,1253,108,4,-85.0,-26.0,800.0
712,1252,108,4,-85.0,-31.0,802.0
713,1251,107,4,-85.0,-27.0,803.0
714,1250,107,4,-85.0,-28.0,804.0
715,1249,106,4,-85.0,-32.0,806.0
716,1248,106,4,-86.0,-23.0,807.0
717,1247,105,4,-85.0,-25.0,809.0
718,1246,105,4,-85.0,-25.0,810.0
719,1245,105,4,-86.0,-26.0,811.0
720,1244,104,4,-85.0,-26.0,812.0
721,1243,104,4,-86.0,-26.0,814.0
722,1242,103,4,-87.0,-26.0,815.0
723,1241,103,4,-87.0,-28.0,816.0
724,1240,102,4,-87.0,-24.0,816.0
725,1239,102,4,-89.0,-26.0,818.0
726,1238,101,4,-87.0,-26.0,819.0
727,1237,101,4,-88.0,-29.0,820.0
728,1236,100,4,-87.0,-26.0,822.0
729,1235,100,4,-88.0,-28.0,824.0
730,1234,99,4,-88.0,-26.0,824.0
731,1233,99,4,-88.0,-27.0,826.0
732,1232,99,4,-88.0,-28.0,827.0
733,1231,98,4,-88.0,-26.0,828.0
734,1230,98,4,-88.0,-26.0,830.0
735,1229,97,4,-88.0,-26.0,831.0
736,1228,97,4,-88.0,-28.0,832.0
737,1227,96,4,-88.0,-26.0,833.0
738,1226,96,4,-87.0,-24.0,835.0
739,1225,95,4,-87.0,-28.0,836.0
740,1224,95,4,-88.0,-29.0,837.0
741,1223,94,4,-88.0,-26.0,839.0
742,1222,94,4,-87.0,-28.0,840.0
743,1221,93,4,-87.0,-28.0,841.0
744,1220,93,4,-87.0,-28.0,842.0
745,1219,93,4,-87.0,-27.0,844.0
746,1218,92,4,-86.0,-32.0,845.0
747,1217,92,4,-88.0,-27.0,846.0
748,1216,91,4,-86.0,-28.0,847.0
749,1215,91,4,-85.0,-27.0,848.0
750,1214,90,4,-85.0,-24.0,849.0
751,1213,90,4,-84.0,-27.0,851.0
752,1212,89,3,-86.0,-28.0,851.0
753,1211,89,3,-83.0,-22.0,853.0
754,1210,88,3,-85.0,-23.0,854.0
755,1209,88,3,-85.0,-24.0,855.0
756,1208,88,3,-85.0,-24.0,857.0
757,1207,87,3,-85.0,-25.0,858.0
758,1206,87,3,-85.0,-24.0,859.0
759,1205,86,3,-86.0,-26.0,861.0
760,1204,86,3,-84.0,-25.0,862.0
761,1203,85,3,-85.0,-23.0,863.0
762,1202,85,3,-85.0,-22.0,864.0
763,1201,84,3,-85.0,-29.0,866.0
764,1200,84,3,-84.0,-27.0,866.0
765,1199,84,3,-86.0,-29.0,868.0
766,1198,83,3,-86.0,-23.0,868.0
767,1197,83,3,-85.0,-26.0,869.0
768,1196,82,3,-86.0,-27.0,871.0
769,1195,82,3,-86.0,-32.0,872.0
770,1194,81,3,-84.0,-29.0,873.0
771,1193,81,3,-84.0,-28.0,875.0
772,1192,80,3,-86.0,-24.0,876.0
773,1191,80,3,-87.0,-28.0,876.0
774,1190,79,3,-87.0,-29.0,877.0
775,1189,79,3,-87.0,-24.0,879.0
776,1188,79,3,-90.0,-31.0,881.0
777,1187,78,3,-84.0,-29.0,881.0
778,1186,78,3,-86.0,-28.0,881.0
779,1185,77,3,-84.0,-24.0,881.0
780,1184,77,3,-85.0,-28.0,882.0
781,1183,76,3,-86.0,-26.0,883.0
782,1182,76,3,-85.0,-29.0,884.0
783,1181,75,3,-86.0,-24.0,885.0
784,1180,75,3,-86.0,-27.0,886.0
785,1179,75,3,-85.0,-25.0,887.0
786,1178,74,3,-86.0,-26.0,888.0
787,1177,74,3,-84.0,-27.0,888.0
788,1176,73,3,-84.0,-31.0,890.0
789,1175,73,3,-85.0,-23.0,890.0
790,1174,72,3,-85.0,-25.0,891.0
791,1173,72,3,-87.0,-31.0,892.0
792,1172,71,3,-87.0,-26.0,892.0
793,1171,71,3,-87.0,-29.0,892.0
794,1170,71,3,-85.0,-31.0,893.0
795,1169,70,3,-89.0,-32.0,894.0
796,1168,70,3,-84.0,-29.0,894.0
797,1167,69,3,-84.0,-25.0,894.0
798,1166,69,3,-84.0,-31.0,895.0
799,1165,68,3,-84.0,-35.0,897.0
800,1164,68,3,-86.0,-35.0,896.0
801,1163,67,3,-86.0,-29.0,896.0
802,1162,67,3,-84.0,-27.0,897.0
803,1161,66,3,-83.0,-26.0,898.0
804,1160,66,3,-80.0,-28.0,899.0
805,1159,66,3,-82.0,-28.0,898.0
806,1158,65,3,-82.0,-28.0,898.0
807,1157,65,3,-82.0,-32.0,900.0
808,1156,64,3,-84.0,-30.0,900.0
809,1155,64,3,-84.0,-26.0,900.0
810,1154,63,3,-84.0,-29.0,900.0
811,1153,63,3,-82.0,-31.0,900.0
812,1152,62,3,-80.0,-30.0,901.0
813,1151,62,3,-82.0,-31.0,901.0
814,1150,62,3,-82.0,-29.0,902.0
815,1149,61,3,-81.0,-23.0,902.0
816,1148,61,3,-80.0,-28.0,901.0
817,1147,60,3,-80.0,-29.0,901.0
818,1146,60,3,-82.0,-28.0,902.0
819,1145,59,2,-82.0,-29.0,903.0
820,1144,59,2,-82.0,-28.0,902.0
821,1143,58,2,-82.0,-29.0,901.0
822,1142,58,2,-82.0,-23.0,902.0
823,1141,57,2,-82.0,-28.0,902.0
824,1140,57,2,-81.0,-26.0,901.0
825,1139,57,2,-80.0,-25.0,901.0
826,1138,56,2,-82.0,-29.0,901.0
827,1137,56,2,-81.0,-26.0,901.0
828,1136,55,2,-82.0,-23.0,901.0
829,1135,55,2,-81.0,-27.0,901.0
830,1134,54,2,-80.0,-27.0,902.0
831,1133,54,2,-82.0,-26.0,902.0
832,1132,53,2,-82.0,-27.0,902.0
833,1131,53,2,-81.0,-28.0,902.0
834,1130,53,2,-81.0,-25.0,902.0
835,1129,52,2,-80.0,-23.0,902.0
836,1128,52,2,-79.0,-27.0,902.0
837,1127,51,2,-80.0,-27.0,901.0
838,1126,51,2,-79.0,-21.0,901.0
839,1125,50,2,-79.0,-22.0,900.0
840,1124,50,2,-80.0,-26.0,900.0
841,1123,49,2,-79.0,-27.0,900.0
842,1122,49,2,-79.0,-26.0,901.0
843,1121,48,2,-81.0,-25.0,901.0
844,1120,48,2,-80.0,-24.0,900.0
845,1119,48,2,-81.0,-22.0,899.0
846,1118,47,2,-80.0,-25.0,898.0
847,1117,47,2,-79.0,-25.0,898.0
848,1116,46,2,-79.0,-26.0,898.0
849,1115,46,2,-80.0,-21.0,897.0
850,1114,45,2,-79.0,-25.0,896.0
851,1113,45,2,-79.0,-24.0,895.0
852,1112,44,2,-80.0,-24.0,895.0
853,1111,44,2,-79.0,-26.0,896.0
854,1110,43,2,-81.0,-25.0,895.0
855,1109,43,2,-82.0,-26.0,895.0
856,1108,42,2,-78.0,-25.0,895.0
857,1107,42,2,-79.0,-24.0,893.0
858,1106,42,2,-82.0,-22.0,893.0
859,1105,41,2,-78.0,-25.0,892.0
860,1104,41,2,-79.0,-25.0,893.0
861,1103,40,2,-81.0,-26.0,893.0
862,1102,40,2,-84.0,-25.0,892.0
863,1101,39,2,-80.0,-23.0,891.0
864,1100,39,2,-79.0,-22.0,890.0
865,1099,38,2,-78.0,-24.0,891.0
866,1098,38,2,-77.0,-26.0,890.0
867,1097,37,2,-78.0,-27.0,889.0
868,1096,37,2,-79.0,-24.0,888.0
869,1095,36,2,-79.0,-24.0,888.0
870,1094,36,2,-80.0,-20.0,888.0
871,1093,36,2,-77.0,-21.0,887.0
872,1092,35,2,-79.0,-23.0,886.0
873,1091,35,2,-77.0,-21.0,886.0
874,1090,34,2,-78.0,-20.0,886.0
875,1089,34,2,-76.0,-19.0,885.0
876,1088,33,2,-77.0,-19.0,885.0
877,1087,33,2,-78.0,-19.0,885.0
878,1086,32,2,-77.0,-25.0,885.0
879,1085,32,2,-79.0,-23.0,886.0
880,1084,31,2,-78.0,-22.0,885.0
881,1083,31,2,-80.0,-20.0,883.0
882,1082,30,2,-79.0,-17.0,882.0
883,1081,30,2,-77.0,-18.0,882.0
884,1080,29,1,-77.0,-17.0,882.0
885,1079,29,1,-80.0,-21.0,882.0
886,1078,29,1,-80.0,-18.0,881.0
887,1077,28,1,-79.0,-16.0,880.0
888,1076,28,1,-81.0,-14.0,880.0
889,1075,27,1,-77.0,-13.0,879.0
890,1074,27,1,-77.0,-14.0,878.0
891,1073,26,1,-82.0,-15.0,879.0
892,1072,26,1,-78.0,-15.0,879.0
893,1071,25,1,-78.0,-16.0,878.0
894,1070,25,1,-80.0,-14.0,877.0
895,1069,24,1,-77.0,-22.0,876.0
896,1068,24,1,-76.0,-23.0,874.0
897,1067,23,1,-79.0,-24.0,875.0
898,1066,23,1,-78.0,-14.0,875.0
899,1065,22,1,-78.0,-19.0,873.0
900,1064,22,1,-77.0,-22.0,871.0
901,1063,21,1,-79.0,-19.0,871.0
902,1062,21,1,-77.0,-24.0,871.0
903,1061,20,1,-77.0,-23.0,871.0
904,1060,20,1,-78.0,-16.0,870.0
905,1059,19,1,-78.0,-20.0,870.0
906,1058,19,1,-78.0,-22.0,868.0
907,1057,18,1,-78.0,-22.0,867.0
908,1056,18,1,-76.0,-21.0,868.0
909,1055,17,1,-77.0,-20.0,868.0
910,1054,17,1,-77.0,-11.0,867.0
911,1053,17,1,-79.0,-11.0,865.0
912,1052,16,1,-78.0,-12.0,865.0
913,1051,16,1,-76.0,-20.0,864.0
914,1050,15,1,-76.0,-22.0,863.0
915,1049,15,1,-75.0,-21.0,864.0
916,1048,14,1,-78.0,-15.0,864.0
917,1047,14,1,-77.0,-14.0,863.0
918,1046,13,1,-77.0,-12.0,862.0
919,1045,13,1,-80.0,-13.0,861.0
920,1044,12,1,-79.0,-20.0,860.0
921,1043,12,1,-77.0,-20.0,860.0
922,1042,11,1,-76.0,-20.0,859.0
923,1041,11,1,-77.0,-22.0,859.0
924,1040,10,1,-77.0,-21.0,858.0
925,1039,10,1,-77.0,-21.0,857.0
926,1038,9,1,-76.0,-21.0,858.0
927,1037,9,1,-80.0,-21.0,856.0
928,1036,8,1,-76.0,-17.0,856.0
929,1035,8,1,-77.0,-12.0,857.0
930,1034,7,1,-76.0,-14.0,859.0
931,1033,7,1,-77.0,-14.0,856.0
932,1032,6,1,-74.0,-16.0,854.0
933,1031,6,1,-76.0,-15.0,854.0
934,1030,5,1,-77.0,-15.0,855.0
935,1029,5,1,-75.0,-14.0,856.0
936,1028,4,1,-75.0,-15.0,853.0
937,1026,3,1,-78.0,-16.0,851.0
938,1025,3,1,-74.0,-14.0,851.0
939,1024,2,1,-76.0,-15.0,851.0
940,1023,2,1,-76.0,-15.0,851.0
941,1022,1,1,-75.0,-12.0,852.0
942,1021,1,1,-76.0,-14.0,850.0
943,1020,0,1,-63.0,-12.0,832.0
944,1019,0,1,-81.0,-14.0,849.0
945,1018,359,12,-79.0,-15.0,850.0
946,1017,359,12,-78.0,-12.0,850.0
947,1016,358,12,-76.0,-11.0,847.0
948,1015,357,12,-75.0,-13.0,847.0
949,1014,357,12,-77.0,-14.0,846.0
950,1013,356,12,-80.0,-12.0,846.0
951,1012,356,12,-81.0,-16.0,846.0
952,1011,355,12,-78.0,-12.0,845.0
953,1010,355,12,-74.0,-11.0,846.0
954,1009,354,12,-75.0,-12.0,845.0
955,1008,354,12,-79.0,-12.0,844.0
956,1007,353,12,-79.0,-12.0,845.0
957,1006,353,12,-78.0,-13.0,844.0
958,1005,352,12,-75.0,-12.0,843.0
959,1004,352,12,-74.0,-9.0,842.0
960,1003,351,12,-74.0,-10.0,843.0
961,1002,351,12,-77.0,-12.0,844.0
962,1001,350,12,-79.0,-12.0,843.0
963,1000,350,12,-74.0,-12.0,841.0
964,998,349,12,-73.0,-8.0,842.0
965,997,348,12,-74.0,-13.0,843.0
966,996,348,12,-72.0,-4.0,842.0
967,995,347,12,-74.0,-4.0,842.0
968,994,346,12,-79.0,-5.0,842.0
969,993,346,12,-73.0,-8.0,840.0
970,992,345,12,-73.0,-6.0,842.0
971,991,345,12,-73.0,-3.0,840.0
972,990,344,12,-76.0,-1.0,839.0
973,989,344,12,-74.0,-10.0,841.0
974,988,343,12,-75.0,-10.0,840.0
975,987,343,12,-74.0,-7.0,839.0
976,986,342,12,-74.0,-1.0,840.0
977,985,342,12,-78.0,-5.0,840.0
978,984,341,12,-74.0,-6.0,840.0
979,983,340,12,-76.0,-6.0,840.0
980,982,340,12,-74.0,-4.0,840.0
981,981,339,12,-73.0,-3.0,841.0
982,980,339,12,-73.0,1.0,840.0
983,979,338,12,-79.0,-4.0,841.0
984,978,338,12,-73.0,-2.0,842.0
985,977,337,12,-75.0,-4.0,841.0
986,976,337,12,-75.0,-6.0,842.0
987,975,336,12,-73.0,-3.0,843.0
988,974,336,12,-73.0,-3.0,842.0
989,973,335,12,-72.0,-4.0,844.0
990,972,334,12,-73.0,-3.0,847.0
991,971,334,12,-71.0,-3.0,848.0
992,970,333,12,-71.0,-4.0,849.0
993,969,333,12,-72.0,-2.0,844.0
994,968,332,12,-71.0,-3.0,848.0
995,967,332,12,-74.0,-2.0,844.0
996,966,331,12,-73.0,-12.0,850.0
997,965,331,12,-75.0,-10.0,847.0
998,964,330,12,-72.0,-13.0,847.0
999,963,329,11,-71.0,-5.0,850.0
1000,962,329,11,-73.0,-2.0,845.0
1001,961,328,11,-71.0,-3.0,849.0
1002,960,328,11,-76.0,-8.0,846.0
1003,959,327,11,-78.0,-4.0,846.0
1004,958,327,11,-74.0,-9.0,848.0
1006,954,324,11,-73.0,-3.0,847.0
1007,953,324,11,-71.0,-5.0,847.0
1008,952,323,11,-69.0,-6.0,847.0
1009,951,323,11,-75.0,-4.0,849.0
1010,950,322,11,-73.0,0.0,850.0
1011,949,321,11,-72.0,-4.0,851.0
1012,948,321,11,-73.0,-8.0,854.0
1013,947,320,11,-70.0,-3.0,853.0
1014,946,320,11,-77.0,-2.0,850.0
1015,945,319,11,-72.0,-1.0,851.0
1016,944,318,11,-70.0,0.0,852.0
1017,943,318,11,-73.0,-1.0,854.0
1018,942,317,11,-74.0,-1.0,857.0
1019,941,317,11,-74.0,0.0,857.0
1020,940,316,11,-73.0,-2.0,861.0
1022,937,314,11,-73.0,0.0,863.0
1023,936,314,11,-72.0,-3.0,865.0
1024,935,313,11,-75.0,-2.0,862.0
1025,934,313,11,-73.0,1.0,858.0
1026,933,312,11,-71.0,-4.0,863.0
1027,932,311,11,-71.0,1.0,859.0
1028,931,311,11,-69.0,-1.0,864.0
1029,930,310,11,-75.0,-1.0,865.0
1030,929,310,11,-75.0,0.0,866.0
1031,928,309,11,-72.0,0.0,862.0
1032,927,308,11,-76.0,-2.0,862.0
1033,926,308,11,-76.0,1.0,864.0
1034,925,307,11,-71.0,-2.0,862.0
1035,924,307,11,-74.0,-1.0,867.0
1036,923,306,11,-72.0,-5.0,867.0
1037,922,305,11,-73.0,-2.0,870.0
1038,921,305,11,-70.0,2.0,867.0
1039,920,304,11,-72.0,-2.0,868.0
1040,919,304,11,-74.0,-3.0,870.0
1041,918,303,11,-71.0,0.0,867.0
1042,917,302,11,-76.0,-1.0,871.0
1043,916,302,11,-71.0,-5.0,872.0
1044,915,301,11,-71.0,-4.0,878.0
1045,914,300,11,-71.0,0.0,874.0
1046,913,300,11,-71.0,-4.0,871.0
1047,912,299,10,-75.0,-4.0,875.0
1048,911,299,10,-70.0,0.0,874.0
1049,910,298,10,-73.0,0.0,878.0
1050,909,297,10,-70.0,-2.0,878.0
1051,908,297,10,-71.0,-3.0,883.0
1052,907,296,10,-75.0,-1.0,879.0
1053,906,296,10,-76.0,-3.0,878.0
1054,905,295,10,-71.0,-2.0,880.0
1055,904,294,10,-71.0,0.0,878.0
1056,903,294,10,-71.0,-2.0,882.0
1057,902,293,10,-68.0,0.0,883.0
1058,901,292,10,-71.0,-2.0,885.0
1059,900,292,10,-70.0,1.0,883.0
1060,899,291,10,-75.0,-1.0,881.0
1061,898,291,10,-72.0,2.0,883.0
1062,897,290,10,-72.0,5.0,884.0
1063,896,289,10,-70.0,1.0,888.0
1064,895,289,10,-72.0,-4.0,889.0
1065,894,288,10,-75.0,-4.0,891.0
1066,893,287,10,-72.0,2.0,890.0
1067,892,287,10,-71.0,-3.0,892.0
1068,891,286,10,-72.0,-3.0,892.0
1069,890,286,10,-72.0,-4.0,892.0
1070,889,285,10,-70.0,2.0,895.0
1071,888,284,10,-70.0,-5.0,896.0
1072,887,284,10,-73.0,-4.0,897.0
1073,886,283,10,-73.0,-6.0,894.0
1074,885,282,10,-71.0,-4.0,895.0
1075,884,282,10,-71.0,-5.0,897.0
1076,883,281,10,-74.0,-4.0,897.0
1077,882,280,10,-76.0,-6.0,901.0
1078,881,280,10,-73.0,-4.0,899.0
1080,872,274,10,-72.0,1.0,902.0
1081,871,273,10,-70.0,-7.0,903.0
1082,870,273,10,-74.0,-6.0,909.0
1083,869,272,10,-72.0,-4.0,906.0
1084,868,271,10,-71.0,-4.0,908.0
1085,867,271,10,-71.0,-2.0,910.0
1086,866,270,10,-71.0,-4.0,911.0
1087,865,270,10,-70.0,-5.0,913.0
1088,864,269,9,-70.0,-1.0,914.0
1089,863,268,9,-72.0,-13.0,916.0
1090,862,268,9,-70.0,-2.0,917.0
1091,861,267,9,-70.0,-7.0,917.0
1092,860,266,9,-69.0,-8.0,916.0
1093,859,266,9,-72.0,-8.0,915.0
1094,858,265,9,-73.0,-6.0,913.0
1095,857,264,9,-76.0,0.0,911.0
1096,856,264,9,-68.0,-3.0,912.0
1097,855,263,9,-69.0,0.0,912.0
1098,854,262,9,-66.0,3.0,910.0
1099,853,262,9,-67.0,0.0,913.0
1100,852,261,9,-73.0,-3.0,916.0
1101,851,260,9,-68.0,-6.0,919.0
1102,850,260,9,-68.0,-1.0,918.0
1103,849,259,9,-69.0,-1.0,918.0
1104,848,258,9,-69.0,-4.0,918.0
1105,847,258,9,-69.0,-8.0,918.0
1106,846,257,9,-74.0,-7.0,925.0
1107,845,257,9,-73.0,0.0,920.0
1108,844,256,9,-68.0,5.0,917.0
1109,843,255,9,-69.0,1.0,916.0
1110,842,255,9,-69.0,-6.0,914.0
1111,841,254,9,-75.0,-7.0,914.0
1112,840,253,9,-74.0,-4.0,913.0
1113,839,253,9,-70.0,-1.0,917.0
1114,838,252,9,-69.0,-1.0,917.0
1115,837,251,9,-69.0,4.0,916.0
1116,836,251,9,-69.0,-1.0,916.0
1117,835,250,9,-69.0,-1.0,917.0
1118,834,249,9,-68.0,-3.0,918.0
1119,833,249,9,-69.0,-1.0,923.0
1120,832,248,9,-68.0,-2.0,924.0
1121,831,247,9,-68.0,-6.0,920.0
1122,830,247,9,-68.0,-1.0,918.0
1123,829,246,9,-71.0,-2.0,914.0
1124,828,245,9,-71.0,-1.0,914.0
1125,827,245,9,-68.0,0.0,911.0
1126,826,244,9,-68.0,0.0,914.0
1127,825,243,9,-67.0,1.0,914.0
1128,824,243,9,-67.0,2.0,914.0
1129,823,242,9,-69.0,0.0,912.0
1130,822,242,9,-71.0,1.0,911.0
1131,821,241,9,-68.0,2.0,910.0
1132,820,240,9,-68.0,-1.0,910.0
1133,819,240,9,-71.0,0.0,913.0
1134,818,239,8,-68.0,0.0,914.0
1135,817,238,8,-69.0,0.0,913.0
1136,816,238,8,-74.0,-7.0,909.0
1137,815,237,8,-69.0,-8.0,905.0
1138,814,236,8,-68.0,-3.0,902.0
1139,813,236,8,-67.0,2.0,904.0
1140,812,235,8,-75.0,3.0,902.0
1141,811,234,8,-71.0,-6.0,900.0
1142,810,234,8,-69.0,3.0,897.0
1143,809,233,8,-70.0,-2.0,895.0
1144,808,232,8,-67.0,7.0,893.0
1145,807,232,8,-71.0,1.0,892.0
1146,806,231,8,-69.0,2.0,893.0
1147,805,231,8,-70.0,1.0,893.0
1148,804,230,8,-73.0,0.0,891.0
1149,803,229,8,-69.0,0.0,888.0
1150,802,229,8,-69.0,7.0,887.0
1151,801,228,8,-70.0,3.0,884.0
1152,800,227,8,-67.0,-2.0,884.0
1153,799,227,8,-70.0,-4.0,884.0
1154,798,226,8,-67.0,0.0,883.0
1155,797,225,8,-65.0,-1.0,879.0
1156,796,225,8,-65.0,1.0,877.0
1157,795,224,8,-68.0,1.0,875.0
1158,794,223,8,-68.0,-5.0,874.0
1159,793,223,8,-71.0,0.0,877.0
1160,792,222,8,-71.0,0.0,873.0
1161,791,222,8,-70.0,0.0,867.0
1162,790,221,8,-68.0,2.0,864.0
1163,789,220,8,-68.0,-4.0,862.0
1164,788,220,8,-68.0,-5.0,862.0
1165,787,219,8,-73.0,-7.0,860.0
1166,786,218,8,-74.0,-4.0,861.0
1167,785,218,8,-74.0,-1.0,858.0
1168,784,217,8,-69.0,-4.0,857.0
1169,783,216,8,-69.0,6.0,853.0
1170,782,216,8,-71.0,9.0,854.0
1171,781,215,8,-74.0,-5.0,849.0
1172,780,215,8,-72.0,0.0,852.0
1173,779,214,8,-71.0,6.0,845.0
1174,778,213,8,-70.0,6.0,846.0
1175,777,213,8,-72.0,8.0,841.0
1176,776,212,8,-72.0,5.0,841.0
1177,775,211,8,-71.0,3.0,838.0
1178,774,211,8,-73.0,1.0,838.0
1179,773,210,8,-70.0,8.0,838.0
1180,772,210,8,-71.0,8.0,835.0
1181,771,209,7,-71.0,9.0,836.0
1182,770,208,7,-70.0,2.0,829.0
1183,769,208,7,-73.0,4.0,829.0
1184,768,207,7,-73.0,2.0,826.0
1185,767,206,7,-71.0,9.0,824.0
1186,766,206,7,-70.0,8.0,824.0
1187,765,205,7,-73.0,5.0,820.0
1188,764,205,7,-73.0,4.0,821.0
1189,763,204,7,-78.0,6.0,817.0
1190,762,203,7,-75.0,7.0,814.0
1191,761,203,7,-72.0,7.0,814.0
1192,760,202,7,-70.0,11.0,810.0
1193,759,201,7,-77.0,8.0,809.0
1194,758,201,7,-71.0,3.0,810.0
1195,757,200,7,-73.0,5.0,807.0
1196,756,200,7,-73.0,3.0,806.0
1197,755,199,7,-74.0,2.0,806.0
1198,754,198,7,-73.0,6.0,802.0
1199,753,198,7,-73.0,8.0,800.0
1200,752,197,7,-71.0,-3.0,798.0
1201,751,197,7,-72.0,-6.0,797.0
1202,750,196,7,-72.0,4.0,796.0
1203,749,195,7,-73.0,3.0,794.0
1204,748,195,7,-71.0,5.0,791.0
1205,747,194,7,-73.0,6.0,789.0
1206,746,194,7,-76.0,2.0,788.0
1207,745,193,7,-74.0,1.0,787.0
1208,744,192,7,-75.0,-2.0,786.0
1209,743,192,7,-72.0,0.0,786.0
1210,742,191,7,-72.0,0.0,784.0
1211,741,191,7,-70.0,-1.0,784.0
1212,740,190,7,-76.0,-2.0,782.0
1213,739,189,7,-77.0,-1.0,779.0
1214,738,189,7,-75.0,0.0,778.0
1215,737,188,7,-74.0,3.0,777.0
1216,736,188,7,-76.0,0.0,776.0
1217,735,187,7,-73.0,1.0,776.0
1218,734,186,7,-73.0,-3.0,776.0
1219,733,186,7,-74.0,-2.0,773.0
1220,732,185,7,-75.0,-8.0,773.0
1221,731,185,7,-75.0,-4.0,771.0
1222,730,184,7,-76.0,3.0,770.0
1223,729,183,7,-75.0,3.0,768.0
1224,728,183,7,-74.0,1.0,766.0
1225,727,182,7,-76.0,1.0,766.0
1226,726,182,7,-75.0,1.0,766.0
1227,725,181,7,-73.0,-5.0,764.0
1228,724,181,7,-74.0,1.0,763.0
1229,723,180,7,-73.0,2.0,761.0
1230,722,179,6,-74.0,1.0,760.0
1231,721,179,6,-73.0,-5.0,761.0
1232,720,178,6,-74.0,-1.0,760.0
1233,719,178,6,-77.0,-1.0,758.0
1234,718,177,6,-77.0,3.0,757.0
1235,717,176,6,-76.0,5.0,756.0
1236,716,176,6,-75.0,2.0,755.0
1237,715,175,6,-73.0,2.0,755.0
1238,714,175,6,-76.0,2.0,754.0
1239,713,174,6,-76.0,-12.0,754.0
1240,712,174,6,-77.0,-10.0,752.0
1241,711,173,6,-75.0,-11.0,751.0
1242,710,172,6,-77.0,-12.0,751.0
1243,709,172,6,-73.0,-11.0,750.0
1244,708,171,6,-76.0,1.0,749.0
1245,707,171,6,-76.0,1.0,749.0
1246,706,170,6,-76.0,0.0,748.0
1247,705,170,6,-76.0,-9.0,746.0
1248,704,169,6,-75.0,-5.0,747.0
1249,703,169,6,-75.0,-6.0,747.0
1250,702,168,6,-76.0,-2.0,745.0
1251,701,167,6,-77.0,-1.0,745.0
1252,700,167,6,-75.0,-2.0,745.0
1253,699,166,6,-76.0,-2.0,744.0
1254,698,166,6,-77.0,-3.0,743.0
1255,697,165,6,-74.0,-4.0,743.0
1256,696,165,6,-75.0,-2.0,743.0
1257,695,164,6,-76.0,-1.0,741.0
1258,694,164,6,-75.0,-1.0,740.0
1259,693,163,6,-76.0,-2.0,741.0
1260,692,162,6,-76.0,-4.0,742.0
1261,691,162,6,-76.0,-8.0,741.0
1262,690,161,6,-77.0,-7.0,741.0
1263,689,161,6,-76.0,-6.0,742.0
1264,688,160,6,-77.0,-5.0,741.0
1265,687,160,6,-77.0,-2.0,739.0
1266,686,159,6,-76.0,-4.0,738.0
1267,685,159,6,-77.0,-2.0,740.0
1268,684,158,6,-75.0,-9.0,741.0
1269,683,158,6,-79.0,-7.0,741.0
1270,682,157,6,-77.0,-16.0,739.0
1271,681,156,6,-79.0,-17.0,738.0
1272,680,156,6,-76.0,-15.0,740.0
1273,679,155,6,-77.0,-13.0,738.0
1274,678,155,6,-77.0,-17.0,739.0
1275,677,154,6,-78.0,-12.0,737.0
1276,676,154,6,-80.0,-17.0,738.0
1277,675,153,6,-80.0,-12.0,740.0
1278,674,153,6,-80.0,-17.0,739.0
1279,673,152,6,-78.0,-16.0,738.0
1280,672,152,6,-78.0,-16.0,739.0
1281,671,151,6,-79.0,-15.0,740.0
1282,670,151,6,-79.0,-7.0,737.0
1283,669,150,6,-84.0,-4.0,735.0
1284,668,150,6,-75.0,-4.0,734.0
1285,667,149,5,-76.0,-7.0,736.0
1286,666,148,5,-77.0,-7.0,736.0
1287,665,148,5,-78.0,-4.0,735.0
1288,664,147,5,-78.0,-8.0,732.0
1289,663,147,5,-77.0,-10.0,734.0
1290,662,146,5,-77.0,-11.0,735.0
1291,661,146,5,-76.0,-10.0,735.0
1292,660,145,5,-78.0,-12.0,735.0
1293,659,145,5,-77.0,-14.0,738.0
1294,658,144,5,-79.0,-10.0,739.0
1295,657,144,5,-79.0,-6.0,739.0
1296,656,143,5,-80.0,-13.0,740.0
1297,655,143,5,-77.0,-14.0,741.0
1298,654,142,5,-79.0,-8.0,742.0
1299,653,142,5,-80.0,-13.0,744.0
1300,652,141,5,-79.0,-12.0,745.0
1301,651,141,5,-80.0,-8.0,743.0
1302,650,140,5,-80.0,-11.0,743.0
1303,649,140,5,-79.0,-14.0,745.0
1304,648,139,5,-80.0,-20.0,746.0
1305,647,139,5,-79.0,-19.0,746.0
1306,646,138,5,-81.0,-16.0,746.0
1307,645,138,5,-81.0,-8.0,746.0
1308,644,137,5,-80.0,-10.0,748.0
1309,643,137,5,-80.0,-14.0,748.0
1310,642,136,5,-80.0,-19.0,749.0
1311,641,136,5,-81.0,-19.0,749.0
1312,640,135,5,-81.0,-11.0,750.0
1313,639,135,5,-80.0,-16.0,750.0
1314,638,134,5,-80.0,-12.0,751.0
1315,637,134,5,-80.0,-18.0,752.0
1316,636,133,5,-81.0,-19.0,752.0
1317,635,133,5,-82.0,-10.0,754.0
1318,634,132,5,-82.0,-20.0,753.0
1319,633,132,5,-81.0,-15.0,754.0
1320,632,131,5,-79.0,-18.0,755.0
1321,631,131,5,-81.0,-18.0,756.0
1322,630,130,5,-82.0,-20.0,757.0
1323,629,130,5,-84.0,-24.0,759.0
1324,628,129,5,-81.0,-23.0,759.0
1325,627,129,5,-82.0,-19.0,759.0
1326,626,128,5,-82.0,-21.0,760.0
1327,625,128,5,-81.0,-24.0,761.0
1328,624,127,5,-82.0,-19.0,762.0
1329,623,127,5,-83.0,-21.0,763.0
1330,622,126,5,-84.0,-19.0,763.0
1331,621,126,5,-82.0,-21.0,765.0
1332,620,125,5,-83.0,-19.0,765.0
1333,619,125,5,-82.0,-22.0,766.0
1334,618,124,5,-83.0,-23.0,769.0
1335,617,124,5,-84.0,-19.0,769.0
1336,616,123,5,-82.0,-19.0,769.0
1337,615,123,5,-83.0,-23.0,771.0
1338,614,122,5,-82.0,-19.0,772.0
1339,613,122,5,-84.0,-21.0,773.0
1340,612,121,5,-85.0,-27.0,774.0
1341,611,121,5,-84.0,-23.0,775.0
1342,610,120,5,-85.0,-20.0,776.0
1343,609,120,5,-84.0,-20.0,777.0
1344,608,119,4,-85.0,-21.0,777.0
1345,607,119,4,-83.0,-28.0,779.0
1346,606,118,4,-84.0,-27.0,780.0
1347,605,118,4,-83.0,-22.0,781.0
1348,604,118,4,-84.0,-17.0,782.0
1349,603,117,4,-83.0,-15.0,783.0
1350,602,117,4,-82.0,-22.0,784.0
1351,601,116,4,-82.0,-25.0,785.0
1352,600,116,4,-81.0,-25.0,787.0
1353,599,115,4,-84.0,-20.0,788.0
1354,598,115,4,-84.0,-25.0,787.0
1355,597,114,4,-84.0,-26.0,790.0
1356,596,114,4,-82.0,-24.0,791.0
1357,595,113,4,-83.0,-25.0,792.0
1358,594,113,4,-83.0,-22.0,793.0
1359,593,112,4,-83.0,-23.0,795.0
1360,592,112,4,-83.0,-26.0,795.0
1361,591,111,4,-82.0,-26.0,795.0
1362,590,111,4,-82.0,-26.0,797.0
1363,589,110,4,-85.0,-27.0,798.0
1364,588,110,4,-84.0,-24.0,799.0
1365,587,109,4,-85.0,-28.0,801.0
1366,586,109,4,-82.0,-24.0,802.0
1367,585,109,4,-83.0,-26.0,802.0
1368,584,108,4,-82.0,-25.0,804.0
1369,583,108,4,-82.0,-27.0,806.0
1370,582,107,4,-84.0,-27.0,807.0
1371,581,107,4,-84.0,-28.0,808.0
1372,580,106,4,-83.0,-24.0,810.0
1373,579,106,4,-82.0,-22.0,811.0
1374,578,105,4,-83.0,-23.0,812.0
1375,577,105,4,-84.0,-27.0,813.0
1376,576,104,4,-84.0,-26.0,815.0
1377,575,104,4,-82.0,-26.0,816.0
1378,574,103,4,-85.0,-23.0,817.0
1379,573,103,4,-84.0,-27.0,819.0
1380,572,102,4,-85.0,-27.0,820.0
1381,571,102,4,-84.0,-26.0,821.0
1382,570,102,4,-84.0,-26.0,823.0
1383,569,101,4,-85.0,-27.0,825.0
1384,568,101,4,-86.0,-28.0,825.0
1385,567,100,4,-86.0,-28.0,827.0
1386,566,100,4,-86.0,-27.0,829.0
1387,565,99,4,-85.0,-27.0,830.0
1388,564,99,4,-86.0,-27.0,831.0
1389,563,98,4,-87.0,-31.0,833.0
1390,562,98,4,-85.0,-23.0,834.0
1391,561,97,4,-85.0,-23.0,835.0
1392,560,97,4,-86.0,-23.0,836.0
1393,559,96,4,-85.0,-27.0,838.0
1394,558,96,4,-85.0,-26.0,839.0
1395,557,96,4,-85.0,-29.0,840.0
1396,556,95,4,-85.0,-29.0,842.0
1397,555,95,4,-85.0,-31.0,843.0
1398,554,94,4,-84.0,-22.0,843.0
1399,553,94,4,-84.0,-26.0,845.0
1400,552,93,4,-86.0,-29.0,847.0
1401,551,93,4,-85.0,-28.0,848.0
1402,550,92,4,-85.0,-27.0,850.0
1403,549,92,4,-87.0,-23.0,851.0
1404,548,91,4,-86.0,-28.0,852.0
1405,547,91,4,-85.0,-29.0,853.0
1406,546,91,4,-85.0,-34.0,855.0
1407,545,90,4,-85.0,-29.0,856.0
1408,544,90,4,-86.0,-27.0,857.0
1409,543,89,3,-84.0,-26.0,858.0
1410,542,89,3,-85.0,-28.0,859.0
1411,541,88,3,-84.0,-27.0,861.0
1412,540,88,3,-84.0,-29.0,862.0
1413,539,87,3,-85.0,-23.0,864.0
1414,538,87,3,-85.0,-25.0,865.0
1415,537,86,3,-83.0,-28.0,865.0
1416,536,86,3,-83.0,-29.0,867.0
1417,535,86,3,-88.0,-29.0,868.0
1418,534,85,3,-86.0,-29.0,869.0
1419,533,85,3,-87.0,-30.0,871.0
1420,532,84,3,-88.0,-23.0,872.0
1421,531,84,3,-87.0,-22.0,872.0
1422,530,83,3,-87.0,-28.0,873.0
1423,529,83,3,-87.0,-23.0,875.0
1424,528,82,3,-86.0,-26.0,876.0
1425,527,82,3,-86.0,-23.0,877.0
1426,526,82,3,-87.0,-24.0,878.0
1427,525,81,3,-87.0,-29.0,878.0
1428,524,81,3,-85.0,-27.0,880.0
1429,523,80,3,-85.0,-25.0,881.0
1430,522,80,3,-85.0,-26.0,881.0
1431,521,79,3,-87.0,-26.0,882.0
1432,520,79,3,-86.0,-24.0,884.0
1433,519,78,3,-86.0,-25.0,884.0
1434,518,78,3,-85.0,-29.0,885.0
1435,517,77,3,-86.0,-27.0,885.0
1436,516,77,3,-86.0,-25.0,888.0
1437,515,77,3,-86.0,-23.0,888.0
1438,514,76,3,-86.0,-29.0,888.0
1439,513,76,3,-86.0,-29.0,889.0
1440,512,75,3,-86.0,-24.0,890.0
1441,511,75,3,-85.0,-31.0,892.0
1442,510,74,3,-85.0,-31.0,892.0
1443,509,74,3,-86.0,-30.0,895.0
1444,508,73,3,-83.0,-29.0,893.0
1445,507,73,3,-85.0,-25.0,894.0
1446,506,73,3,-86.0,-27.0,894.0
1447,505,72,3,-85.0,-29.0,895.0
1448,504,72,3,-85.0,-29.0,895.0
1449,503,71,3,-86.0,-28.0,897.0
1450,502,71,3,-87.0,-30.0,898.0
1451,501,70,3,-86.0,-28.0,898.0
1452,500,70,3,-85.0,-23.0,897.0
1453,499,69,3,-84.0,-30.0,899.0
1454,498,69,3,-86.0,-28.0,901.0
1455,497,69,3,-86.0,-30.0,901.0
1456,496,68,3,-85.0,-26.0,901.0
1457,495,68,3,-86.0,-26.0,900.0
1458,494,67,3,-85.0,-24.0,902.0
1459,493,67,3,-84.0,-32.0,902.0
1460,492,66,3,-86.0,-30.0,903.0
1461,491,66,3,-86.0,-30.0,903.0
1462,490,65,3,-87.0,-31.0,903.0
1463,489,65,3,-85.0,-29.0,904.0
1464,488,64,3,-87.0,-23.0,903.0
1465,487,64,3,-85.0,-30.0,904.0
1466,486,64,3,-84.0,-31.0,904.0
1469,477,60,3,-85.0,-26.0,907.0
1470,476,59,2,-85.0,-25.0,906.0
1471,475,59,2,-85.0,-28.0,906.0
1472,474,58,2,-84.0,-26.0,906.0
1473,473,58,2,-86.0,-29.0,907.0
1474,472,57,2,-84.0,-31.0,907.0
1475,471,57,2,-84.0,-26.0,906.0
1476,470,56,2,-85.0,-26.0,907.0
1477,469,56,2,-85.0,-29.0,908.0
1478,468,55,2,-85.0,-29.0,907.0
1479,467,55,2,-84.0,-28.0,907.0
1480,466,55,2,-85.0,-26.0,907.0
1481,465,54,2,-85.0,-23.0,906.0
1482,464,54,2,-84.0,-26.0,906.0
1483,463,53,2,-86.0,-26.0,906.0
1486,456,50,2,-83.0,-26.0,905.0
1487,455,50,2,-84.0,-28.0,905.0
1490,443,44,2,-81.0,-24.0,901.0
1491,442,44,2,-80.0,-22.0,900.0
1492,441,43,2,-81.0,-23.0,900.0
1493,440,43,2,-80.0,-25.0,899.0
1494,439,42,2,-80.0,-21.0,899.0
1495,438,42,2,-79.0,-26.0,899.0
1496,437,41,2,-82.0,-27.0,898.0
1497,436,41,2,-81.0,-24.0,897.0
1498,435,40,2,-81.0,-24.0,896.0
1499,434,40,2,-80.0,-25.0,896.0
1500,433,40,2,-81.0,-26.0,895.0
1501,432,39,2,-80.0,-26.0,896.0
1502,431,39,2,-83.0,-24.0,895.0
1503,430,38,2,-82.0,-24.0,896.0
1504,429,38,2,-82.0,-21.0,895.0
1505,428,37,2,-81.0,-23.0,894.0
1506,427,37,2,-81.0,-21.0,893.0
1507,426,36,2,-79.0,-22.0,893.0
1508,425,36,2,-81.0,-21.0,893.0
1509,424,35,2,-81.0,-22.0,893.0
1510,423,35,2,-81.0,-24.0,892.0
1511,422,34,2,-82.0,-20.0,891.0
1512,421,34,2,-81.0,-24.0,890.0
1513,420,33,2,-80.0,-19.0,892.0
1514,419,33,2,-82.0,-24.0,891.0
1515,418,33,2,-79.0,-21.0,891.0
1516,417,32,2,-82.0,-21.0,890.0
1517,416,32,2,-79.0,-18.0,889.0
1518,415,31,2,-82.0,-19.0,890.0
1519,414,31,2,-79.0,-18.0,889.0
1520,413,30,2,-82.0,-22.0,888.0
1521,412,30,2,-80.0,-22.0,888.0
1522,411,29,1,-82.0,-17.0,887.0
1523,410,29,1,-81.0,-14.0,888.0
1524,409,28,1,-81.0,-17.0,887.0
1525,408,28,1,-80.0,-16.0,887.0
1526,407,27,1,-81.0,-17.0,887.0
1527,406,27,1,-81.0,-15.0,886.0
1528,405,26,1,-82.0,-25.0,885.0
1529,404,26,1,-78.0,-20.0,884.0
1530,403,25,1,-80.0,-18.0,883.0
1531,402,25,1,-78.0,-18.0,883.0
1532,401,25,1,-79.0,-15.0,882.0
1533,400,24,1,-79.0,-16.0,881.0
1534,399,24,1,-79.0,-16.0,881.0
1535,398,23,1,-79.0,-14.0,880.0
1536,397,23,1,-75.0,-15.0,880.0
1537,396,22,1,-78.0,-15.0,879.0
1538,395,22,1,-77.0,-20.0,878.0
1539,394,21,1,-79.0,-18.0,878.0
1540,393,21,1,-76.0,-18.0,877.0
1541,392,20,1,-77.0,-17.0,876.0
1542,391,20,1,-78.0,-17.0,875.0
1543,390,19,1,-78.0,-16.0,875.0
1544,389,19,1,-79.0,-14.0,875.0
1545,388,18,1,-79.0,-13.0,875.0
1546,387,18,1,-78.0,-13.0,874.0
1547,386,17,1,-77.0,-12.0,873.0
1548,385,17,1,-78.0,-12.0,874.0
1549,384,16,1,-77.0,-12.0,875.0
1550,383,16,1,-77.0,-12.0,874.0
1551,382,15,1,-76.0,-14.0,872.0
1552,381,15,1,-79.0,-13.0,871.0
1553,380,14,1,-79.0,-13.0,870.0
1554,379,14,1,-79.0,-12.0,870.0
1555,378,13,1,-78.0,-18.0,869.0
1556,377,13,1,-78.0,-12.0,870.0
1557,376,12,1,-78.0,-11.0,870.0
1558,375,12,1,-77.0,-9.0,867.0
1559,374,11,1,-79.0,-9.0,866.0
1560,373,11,1,-79.0,-8.0,866.0
1561,372,10,1,-76.0,-9.0,866.0
1562,371,10,1,-77.0,-11.0,865.0
1563,370,9,1,-79.0,-9.0,865.0
1564,369,9,1,-75.0,-9.0,865.0
1565,368,8,1,-77.0,-9.0,863.0
1566,367,8,1,-76.0,-9.0,862.0
1567,366,7,1,-76.0,-12.0,861.0
1570,357,3,1,-76.0,-7.0,857.0
1571,356,2,1,-77.0,-7.0,856.0
1572,355,2,1,-75.0,-7.0,857.0
1573,354,1,1,-75.0,-13.0,857.0
1574,353,1,1,-75.0,-8.0,855.0
1575,352,0,1,-77.0,-9.0,854.0
1576,351,0,1,-75.0,-12.0,853.0
1577,350,359,12,-76.0,-6.0,853.0
1578,349,359,12,-75.0,-12.0,852.0
1579,348,358,12,-74.0,-8.0,850.0
1580,347,358,12,-77.0,-9.0,851.0
1581,346,357,12,-76.0,-7.0,853.0
1582,345,357,12,-77.0,-7.0,853.0
1583,344,356,12,-77.0,-6.0,851.0
1584,343,356,12,-77.0,-11.0,850.0
1585,342,355,12,-76.0,-7.0,851.0
1586,341,355,12,-77.0,-6.0,852.0
1587,340,354,12,-76.0,-6.0,851.0
1588,339,354,12,-76.0,-8.0,849.0
1589,338,353,12,-78.0,-7.0,848.0
1590,337,353,12,-75.0,-7.0,853.0
1591,336,352,12,-76.0,-8.0,852.0
1592,335,352,12,-76.0,-7.0,852.0
1593,334,351,12,-74.0,-6.0,852.0
1594,333,350,12,-75.0,-5.0,849.0
1595,332,350,12,-76.0,-5.0,849.0
1596,331,349,12,-74.0,-3.0,848.0
1597,330,349,12,-75.0,-5.0,848.0
1598,329,348,12,-74.0,-7.0,847.0
1599,328,348,12,-75.0,-5.0,847.0
1600,327,347,12,-74.0,-8.0,848.0
1601,326,347,12,-72.0,-5.0,848.0
1602,325,346,12,-74.0,-8.0,847.0
1603,324,346,12,-75.0,-8.0,850.0
1604,323,345,12,-74.0,-6.0,847.0
1605,322,345,12,-74.0,-5.0,849.0
1606,321,344,12,-75.0,-5.0,847.0
1607,320,344,12,-74.0,-4.0,846.0
1608,319,343,12,-73.0,-3.0,847.0
1609,318,342,12,-74.0,-4.0,849.0
1610,317,342,12,-72.0,-4.0,849.0
1611,316,341,12,-74.0,-16.0,851.0
1612,315,341,12,-74.0,-10.0,850.0
1613,314,340,12,-73.0,-11.0,848.0
1614,313,340,12,-77.0,-14.0,849.0
1615,312,339,12,-71.0,-11.0,845.0
1616,311,339,12,-74.0,-8.0,846.0
1617,310,338,12,-71.0,-9.0,849.0
1618,309,338,12,-72.0,-7.0,848.0
1619,308,337,12,-73.0,-5.0,850.0
1620,307,336,12,-72.0,-8.0,851.0
1621,306,336,12,-71.0,-8.0,848.0
1622,305,335,12,-71.0,-5.0,847.0
1623,304,335,12,-70.0,-6.0,848.0
1624,303,334,12,-71.0,-8.0,849.0
1625,302,334,12,-71.0,-3.0,850.0
1626,301,333,12,-73.0,-6.0,852.0
1627,300,333,12,-72.0,-8.0,852.0
1628,299,332,12,-71.0,-8.0,849.0
1629,298,331,12,-72.0,-3.0,850.0
1630,297,331,12,-72.0,-7.0,849.0
1631,296,330,12,-71.0,-9.0,850.0
1632,295,330,12,-71.0,-15.0,853.0
1633,294,329,11,-72.0,-4.0,852.0
1634,293,329,11,-72.0,-4.0,850.0
1635,292,328,11,-71.0,-1.0,853.0
1636,291,327,11,-70.0,-4.0,853.0
1637,290,327,11,-71.0,-3.0,853.0
1638,289,326,11,-71.0,-3.0,854.0
1639,288,326,11,-69.0,-4.0,854.0
1640,287,325,11,-72.0,-3.0,856.0
1641,286,325,11,-71.0,-2.0,854.0
1642,285,324,11,-70.0,-5.0,852.0
1643,284,323,11,-71.0,-3.0,854.0
1644,283,323,11,-68.0,-4.0,854.0
1645,282,322,11,-72.0,-2.0,856.0
1646,281,322,11,-68.0,-2.0,855.0
1647,280,321,11,-69.0,-4.0,856.0
1648,279,321,11,-68.0,-5.0,856.0
1649,278,320,11,-67.0,-3.0,855.0
1650,277,319,11,-69.0,-4.0,857.0
1651,276,319,11,-69.0,-4.0,858.0
1652,275,318,11,-67.0,-6.0,860.0
1653,274,318,11,-70.0,-2.0,861.0
1654,273,317,11,-70.0,-4.0,861.0
1655,272,316,11,-71.0,-5.0,864.0
1656,271,316,11,-69.0,-6.0,864.0
1657,270,315,11,-67.0,-6.0,863.0
1658,269,315,11,-72.0,-3.0,866.0
1659,268,314,11,-70.0,-5.0,864.0
1662,261,310,11,-70.0,-4.0,868.0
1663,260,309,11,-70.0,-11.0,875.0
1664,259,309,11,-72.0,-3.0,871.0
1665,258,308,11,-71.0,-9.0,869.0
1666,257,308,11,-70.0,-1.0,871.0
1667,256,307,11,-70.0,-2.0,871.0
1668,255,306,11,-69.0,-5.0,877.0
1669,254,306,11,-70.0,-3.0,871.0
1670,253,305,11,-71.0,-6.0,877.0
1671,252,304,11,-71.0,-8.0,874.0
1672,251,304,11,-71.0,-2.0,876.0
1673,250,303,11,-70.0,-2.0,877.0
1674,249,303,11,-69.0,-3.0,873.0
1675,248,302,11,-70.0,-4.0,877.0
1676,247,301,11,-71.0,-4.0,873.0
1677,246,301,11,-73.0,-1.0,878.0
1678,245,300,11,-70.0,-6.0,879.0
1679,244,300,11,-69.0,-6.0,878.0
1680,243,299,10,-71.0,-7.0,884.0
1681,242,298,10,-70.0,-7.0,881.0
1682,241,298,10,-72.0,0.0,884.0
1683,240,297,10,-70.0,-6.0,884.0
1684,239,297,10,-73.0,-1.0,885.0
1685,238,296,10,-70.0,-2.0,885.0
1686,237,295,10,-71.0,-5.0,883.0
1687,236,295,10,-72.0,-3.0,886.0
1688,235,294,10,-70.0,0.0,886.0
1689,234,293,10,-69.0,-4.0,890.0
1690,233,293,10,-69.0,-3.0,889.0
1691,232,292,10,-69.0,-5.0,888.0
1692,231,292,10,-71.0,-6.0,890.0
1693,230,291,10,-69.0,0.0,888.0
1694,229,290,10,-69.0,-4.0,894.0
1695,228,290,10,-71.0,-3.0,894.0
1696,227,289,10,-70.0,4.0,892.0
1697,226,288,10,-70.0,1.0,894.0
1698,225,288,10,-71.0,-8.0,894.0
1699,224,287,10,-69.0,-1.0,894.0
1700,223,287,10,-71.0,-5.0,895.0
1704,199,271,10,-66.0,0.0,917.0
1705,198,271,10,-67.0,-2.0,914.0
1706,197,270,10,-68.0,-3.0,915.0
1707,196,269,9,-66.0,-3.0,916.0
1710,191,266,9,-67.0,-3.0,921.0
1711,190,265,9,-66.0,-3.0,917.0
1712,189,265,9,-68.0,-2.0,920.0
1713,188,264,9,-68.0,-3.0,920.0
1714,187,263,9,-67.0,-1.0,921.0
1715,186,263,9,-66.0,-2.0,922.0
1716,185,262,9,-67.0,-5.0,923.0
1717,184,261,9,-67.0,0.0,923.0
1718,183,261,9,-67.0,-1.0,921.0
1719,182,260,9,-67.0,0.0,921.0
1720,181,260,9,-67.0,1.0,918.0
1721,180,259,9,-67.0,-1.0,919.0
1722,179,258,9,-66.0,-7.0,920.0
1723,178,258,9,-66.0,-2.0,920.0
1724,177,257,9,-66.0,-1.0,921.0
1725,176,256,9,-67.0,0.0,920.0
1726,175,256,9,-68.0,-4.0,921.0
1727,174,255,9,-67.0,0.0,921.0
1728,173,254,9,-67.0,0.0,920.0
1729,172,254,9,-67.0,0.0,923.0
1730,171,253,9,-67.0,1.0,925.0
1731,170,252,9,-66.0,0.0,925.0
1732,169,252,9,-66.0,0.0,922.0
1733,168,251,9,-66.0,1.0,923.0
1734,167,250,9,-65.0,-3.0,920.0
1735,166,250,9,-65.0,-5.0,922.0
1736,165,249,9,-65.0,-3.0,922.0
1737,164,248,9,-64.0,-1.0,919.0
1738,163,248,9,-65.0,-1.0,919.0
1739,162,247,9,-65.0,-1.0,919.0
1740,161,246,9,-65.0,-2.0,919.0
1741,160,246,9,-67.0,-3.0,919.0
1742,159,245,9,-65.0,-4.0,918.0
1743,158,245,9,-66.0,-3.0,922.0
1744,157,244,9,-64.0,-2.0,920.0
1745,156,243,9,-65.0,0.0,922.0
1746,155,243,9,-64.0,0.0,917.0
1747,154,242,9,-65.0,-2.0,917.0
1748,153,241,9,-65.0,1.0,915.0
1749,152,241,9,-63.0,1.0,914.0
1750,151,240,9,-65.0,-3.0,915.0
1751,150,239,8,-64.0,-3.0,913.0
1752,149,239,8,-65.0,0.0,914.0
1753,148,238,8,-65.0,-3.0,912.0
1754,147,237,8,-65.0,0.0,914.0
1755,146,237,8,-65.0,-1.0,908.0
1756,145,236,8,-64.0,-1.0,909.0
1757,144,235,8,-64.0,2.0,907.0
1758,143,235,8,-63.0,-2.0,908.0
1759,142,234,8,-65.0,0.0,906.0
1760,141,233,8,-64.0,-2.0,904.0
1761,140,233,8,-66.0,-2.0,903.0
1762,139,232,8,-66.0,0.0,899.0
1763,138,232,8,-65.0,-1.0,899.0
1764,137,231,8,-64.0,-1.0,896.0
1765,136,230,8,-65.0,-1.0,897.0
1766,135,230,8,-65.0,-5.0,894.0
1767,134,229,8,-67.0,-1.0,893.0
1768,133,228,8,-65.0,1.0,891.0
1769,132,228,8,-65.0,-6.0,890.0
1770,131,227,8,-65.0,-8.0,889.0
1771,130,226,8,-65.0,-9.0,888.0
1772,129,226,8,-65.0,-2.0,886.0
1773,128,225,8,-67.0,-3.0,883.0
1774,127,224,8,-67.0,-1.0,884.0
1775,126,224,8,-66.0,-4.0,880.0
1776,125,223,8,-68.0,-5.0,880.0
1777,124,223,8,-66.0,-5.0,876.0
1778,123,222,8,-66.0,-10.0,875.0
1779,122,221,8,-65.0,-3.0,869.0
1780,121,221,8,-66.0,0.0,869.0
1781,120,220,8,-67.0,-3.0,867.0
1782,119,219,8,-66.0,-6.0,866.0
1783,118,219,8,-65.0,-6.0,864.0
1784,117,218,8,-66.0,-5.0,861.0
1785,116,217,8,-67.0,-6.0,859.0
1786,115,217,8,-66.0,-8.0,857.0
1787,114,216,8,-69.0,-6.0,857.0
1788,113,216,8,-66.0,-6.0,857.0
1789,112,215,8,-65.0,-8.0,852.0
1790,111,214,8,-66.0,-4.0,849.0
1791,110,214,8,-65.0,-5.0,848.0
1792,109,213,8,-64.0,-3.0,844.0
1793,108,212,8,-65.0,-4.0,845.0
1794,107,212,8,-66.0,-5.0,844.0
1795,106,211,8,-66.0,-8.0,841.0
1796,105,211,8,-66.0,-6.0,839.0
1797,104,210,8,-67.0,-5.0,838.0
1798,103,209,7,-66.0,-3.0,836.0
1799,102,209,7,-67.0,-3.0,833.0
1800,101,208,7,-65.0,-2.0,830.0
1801,100,207,7,-66.0,-1.0,829.0
1802,99,207,7,-68.0,-1.0,829.0
1803,98,206,7,-68.0,-1.0,828.0
1804,97,206,7,-68.0,-3.0,828.0
1805,96,205,7,-71.0,2.0,826.0
1806,95,204,7,-68.0,0.0,822.0
1807,94,204,7,-70.0,0.0,822.0
1808,93,203,7,-72.0,-1.0,819.0
1809,92,202,7,-74.0,-1.0,820.0
1810,91,202,7,-74.0,-1.0,817.0
1811,90,201,7,-71.0,0.0,813.0
1812,89,201,7,-73.0,-1.0,813.0
1813,88,200,7,-70.0,-2.0,811.0
1814,87,199,7,-70.0,-2.0,808.0
1815,86,199,7,-71.0,-4.0,808.0
1816,85,198,7,-71.0,-1.0,805.0
1817,84,198,7,-70.0,0.0,801.0
1818,83,197,7,-72.0,0.0,801.0
1819,82,196,7,-72.0,0.0,799.0
1820,81,196,7,-72.0,-2.0,798.0
1821,80,195,7,-70.0,-3.0,796.0
1822,79,195,7,-73.0,-1.0,795.0
1823,78,194,7,-71.0,0.0,793.0
1824,77,193,7,-71.0,0.0,792.0
1825,76,193,7,-73.0,-1.0,792.0
1826,75,192,7,-73.0,-1.0,791.0
1827,74,192,7,-72.0,-5.0,790.0
1828,73,191,7,-70.0,0.0,788.0
1829,72,190,7,-73.0,-2.0,785.0
1830,71,190,7,-71.0,-2.0,784.0
1831,70,189,7,-72.0,-1.0,783.0
1832,69,189,7,-73.0,0.0,778.0
1833,68,188,7,-71.0,-2.0,781.0
1834,67,187,7,-73.0,-6.0,780.0
1835,66,187,7,-73.0,-2.0,778.0
1836,65,186,7,-72.0,-2.0,777.0
1837,64,186,7,-74.0,0.0,776.0
1838,63,185,7,-73.0,0.0,775.0
1839,62,184,7,-72.0,-1.0,774.0
1840,61,184,7,-72.0,-2.0,772.0
1841,60,183,7,-75.0,-2.0,772.0
1842,59,183,7,-76.0,-1.0,771.0
1843,58,182,7,-74.0,-3.0,769.0
1844,57,181,7,-73.0,-3.0,769.0
1845,56,181,7,-73.0,-4.0,768.0
1846,55,180,7,-74.0,-2.0,766.0
1847,54,180,7,-72.0,-9.0,766.0
1848,53,179,6,-71.0,-5.0,764.0
1849,52,179,6,-74.0,-7.0,762.0
1850,51,178,6,-76.0,-7.0,762.0
1851,50,177,6,-72.0,-10.0,761.0
1852,49,177,6,-74.0,-10.0,761.0
1853,48,176,6,-75.0,0.0,759.0
1854,47,176,6,-75.0,-9.0,758.0
1855,46,175,6,-74.0,-12.0,758.0
1856,45,175,6,-74.0,-9.0,758.0
1857,44,174,6,-75.0,-10.0,757.0
1858,43,173,6,-74.0,-12.0,756.0
1859,42,173,6,-75.0,-7.0,754.0
1860,41,172,6,-75.0,-12.0,753.0
1861,40,172,6,-75.0,-12.0,753.0
1862,39,171,6,-75.0,-8.0,751.0
1863,38,171,6,-73.0,-13.0,750.0
1864,37,170,6,-73.0,0.0,750.0
1865,36,169,6,-73.0,-1.0,750.0
1866,35,169,6,-73.0,-1.0,749.0
1867,34,168,6,-73.0,1.0,748.0
1868,33,168,6,-73.0,-2.0,748.0
1870,31,167,6,-74.0,-23.0,745.0
1871,30,166,6,-74.0,-3.0,747.0
1872,29,166,6,-75.0,-2.0,747.0
1873,28,165,6,-75.0,-15.0,745.0
1874,27,164,6,-75.0,-15.0,743.0
1875,26,164,6,-76.0,-14.0,745.0
1876,25,163,6,-75.0,-11.0,743.0
1877,24,163,6,-75.0,-7.0,742.0
1878,23,162,6,-75.0,-16.0,741.0
1879,22,162,6,-74.0,-6.0,742.0
1880,21,161,6,-74.0,-3.0,741.0
1884,17,159,6,-76.0,-4.0,742.0
1885,16,158,6,-77.0,0.0,740.0
1886,15,158,6,-78.0,-15.0,740.0
1887,14,157,6,-74.0,-16.0,740.0
1888,13,157,6,-74.0,-15.0,732.0
1889,12,156,6,-76.0,-18.0,741.0
1890,11,156,6,-76.0,-11.0,740.0
1891,10,155,6,-75.0,-16.0,739.0
