,date,min_temp,max_temp,pressure,ls,sol
0,2018-02-27,-77.0,-10.0,727.0,135,1977
1,2018-02-26,-77.0,-10.0,728.0,135,1976
2,2018-02-25,-76.0,-16.0,729.0,134,1975
3,2018-02-24,-77.0,-13.0,729.0,134,1974
4,2018-02-23,-78.0,-18.0,730.0,133,1973
5,2018-02-22,-78.0,-14.0,730.0,133,1972
6,2018-02-21,-78.0,-13.0,731.0,132,1971
7,2018-02-20,-77.0,-16.0,731.0,132,1970
8,2018-02-19,-76.0,-16.0,732.0,131,1969
9,2018-02-18,-76.0,-19.0,732.0,131,1968
10,2018-02-17,-76.0,-15.0,734.0,130,1967
11,2018-02-16,-77.0,-18.0,735.0,130,1966
12,2018-02-15,-76.0,-12.0,735.0,129,1965
13,2018-02-14,-76.0,-16.0,736.0,129,1964
14,2018-02-13,-77.0,-14.0,737.0,128,1963
15,2018-02-12,-78.0,-14.0,738.0,128,1962
16,2018-02-11,-77.0,-21.0,740.0,127,1961
17,2018-02-09,-78.0,-14.0,740.0,127,1960
18,2018-02-08,-78.0,-15.0,740.0,126,1959
19,2018-02-07,-77.0,-14.0,741.0,126,1958
20,2018-02-06,-77.0,-21.0,742.0,125,1957
21,2018-02-05,-79.0,-14.0,744.0,125,1956
22,2018-02-04,-77.0,-21.0,745.0,124,1955
23,2018-02-03,-77.0,-17.0,745.0,124,1954
24,2018-02-02,-78.0,-22.0,747.0,123,1953
25,2018-02-01,-80.0,-25.0,748.0,123,1952
26,2018-01-31,-77.0,-23.0,749.0,122,1951
27,2018-01-30,-79.0,-15.0,750.0,122,1950
28,2018-01-29,-78.0,-20.0,751.0,121,1949
29,2018-01-28,-78.0,-18.0,752.0,121,1948
30,2018-01-27,-78.0,-19.0,751.0,120,1947
31,2018-01-26,-79.0,-20.0,753.0,120,1946
32,2018-01-25,-78.0,-22.0,754.0,119,1945
33,2018-01-24,-80.0,-21.0,755.0,119,1944
34,2018-01-23,-78.0,-28.0,756.0,118,1943
35,2018-01-22,-78.0,-27.0,757.0,118,1942
36,2018-01-21,-77.0,-20.0,758.0,117,1941
37,2018-01-20,-77.0,-19.0,759.0,117,1940
38,2018-01-19,-78.0,-20.0,760.0,116,1939
39,2018-01-18,-78.0,-24.0,762.0,116,1938
40,2018-01-17,-80.0,-22.0,763.0,116,1937
41,2018-01-16,-79.0,-20.0,764.0,115,1936
42,2018-01-15,-80.0,-21.0,765.0,115,1935
43,2018-01-14,-79.0,-21.0,766.0,114,1934
44,2018-01-13,-78.0,-23.0,767.0,114,1933
45,2018-01-12,-79.0,-24.0,768.0,113,1932
46,2018-01-11,-79.0,-22.0,770.0,113,1931
47,2018-01-10,-79.0,-24.0,770.0,112,1930
48,2018-01-09,-79.0,-26.0,771.0,112,1929
49,2018-01-08,-78.0,-24.0,773.0,111,1928
50,2018-01-07,-79.0,-24.0,774.0,111,1927
51,2018-01-06,-80.0,-24.0,775.0,110,1926
52,2018-01-05,-79.0,-19.0,777.0,110,1925
53,2018-01-03,-78.0,-21.0,777.0,109,1924
54,2018-01-02,-77.0,-23.0,778.0,109,1923
55,2018-01-01,-79.0,-24.0,780.0,108,1922
56,2017-12-31,-78.0,-19.0,781.0,108,1921
57,2017-12-30,-77.0,-25.0,782.0,108,1920
58,2017-12-29,-77.0,-26.0,783.0,107,1919
59,2017-12-28,-77.0,-18.0,784.0,107,1918
60,2017-12-27,-80.0,-19.0,786.0,106,1917
61,2017-12-26,-79.0,-22.0,787.0,106,1916
62,2017-12-25,-78.0,-23.0,788.0,105,1915
63,2017-12-24,-78.0,-21.0,790.0,105,1914
64,2017-12-23,-79.0,-27.0,791.0,104,1913
65,2017-12-22,-80.0,-25.0,791.0,104,1912
66,2017-12-21,-79.0,-22.0,792.0,103,1911
67,2017-12-20,-80.0,-23.0,794.0,103,1910
68,2017-12-19,-80.0,-27.0,795.0,102,1909
69,2017-12-18,-79.0,-28.0,796.0,102,1908
70,2017-12-17,-79.0,-29.0,798.0,101,1907
71,2017-12-16,-79.0,-23.0,799.0,101,1906
72,2017-12-15,-80.0,-22.0,800.0,101,1905
73,2017-12-14,-79.0,-27.0,801.0,100,1904
74,2017-12-13,-78.0,-25.0,803.0,100,1903
75,2017-12-12,-79.0,-27.0,804.0,99,1902
76,2017-12-11,-81.0,-28.0,806.0,99,1901
77,2017-12-10,-81.0,-25.0,807.0,98,1900
78,2017-12-09,-81.0,-23.0,808.0,98,1899
79,2017-12-08,-81.0,-27.0,810.0,97,1898
80,2017-12-07,-80.0,-27.0,811.0,97,1897
81,2017-12-06,-79.0,-23.0,812.0,96,1896
82,2017-12-05,-78.0,-29.0,814.0,96,1895
83,2017-12-04,-79.0,-28.0,815.0,96,1894
84,2017-12-03,-79.0,-25.0,816.0,95,1893
85,2017-12-02,-81.0,-29.0,817.0,95,1892
86,2017-12-01,-80.0,-25.0,819.0,94,1891
87,2017-11-30,-79.0,-28.0,821.0,94,1890
88,2017-11-29,-80.0,-28.0,822.0,93,1889
89,2017-11-27,-79.0,-25.0,823.0,93,1888
90,2017-11-26,-79.0,-26.0,824.0,92,1887
91,2017-11-25,-79.0,-27.0,826.0,92,1886
92,2017-11-24,-79.0,-30.0,827.0,91,1885
93,2017-11-23,-79.0,-29.0,829.0,91,1884
94,2017-11-22,-78.0,-28.0,830.0,91,1883
95,2017-11-21,-78.0,-31.0,831.0,90,1882
96,2017-11-20,-79.0,-28.0,832.0,90,1881
97,2017-11-19,-79.0,-30.0,833.0,89,1880
98,2017-11-18,-79.0,-31.0,834.0,89,1879
99,2017-11-17,-79.0,-29.0,835.0,88,1878
100,2017-11-16,-79.0,-30.0,837.0,88,1877
101,2017-11-15,-79.0,-29.0,838.0,87,1876
102,2017-11-14,-79.0,-23.0,839.0,87,1875
103,2017-11-13,-80.0,-29.0,840.0,86,1874
104,2017-11-12,-79.0,-25.0,842.0,86,1873
105,2017-11-11,-79.0,-29.0,843.0,86,1872
106,2017-11-10,-80.0,-30.0,844.0,85,1871
107,2017-11-09,-81.0,-29.0,845.0,85,1870
108,2017-11-08,-81.0,-24.0,846.0,84,1869
109,2017-11-07,-80.0,-24.0,848.0,84,1868
110,2017-11-06,-78.0,-24.0,848.0,83,1867
111,2017-11-05,-80.0,-28.0,850.0,83,1866
112,2017-11-04,-80.0,-31.0,852.0,82,1865
113,2017-11-03,-82.0,-22.0,852.0,82,1864
114,2017-11-02,-80.0,-30.0,853.0,81,1863
115,2017-11-01,-81.0,-30.0,854.0,81,1862
116,2017-10-31,-79.0,-29.0,855.0,81,1861
117,2017-10-30,-80.0,-31.0,857.0,80,1860
118,2017-10-29,-79.0,-30.0,857.0,80,1859
119,2017-10-28,-81.0,-28.0,857.0,79,1858
120,2017-10-27,-80.0,-30.0,858.0,79,1857
121,2017-10-26,-80.0,-28.0,859.0,78,1856
122,2017-10-25,-78.0,-32.0,861.0,78,1855
123,2017-10-24,-80.0,-26.0,861.0,77,1854
124,2017-10-23,-80.0,-32.0,862.0,77,1853
125,2017-10-22,-80.0,-31.0,863.0,77,1852
126,2017-10-20,-87.0,-30.0,864.0,76,1851
127,2017-10-19,-80.0,-30.0,864.0,76,1850
128,2017-10-18,-80.0,-24.0,864.0,75,1849
129,2017-10-17,-80.0,-28.0,865.0,75,1848
130,2017-10-16,-80.0,-30.0,866.0,74,1847
131,2017-10-15,-80.0,-30.0,868.0,74,1846
132,2017-10-14,-80.0,-29.0,868.0,73,1845
133,2017-10-13,-81.0,-28.0,869.0,73,1844
134,2017-10-12,-80.0,-29.0,869.0,72,1843
135,2017-10-11,-79.0,-27.0,869.0,72,1842
136,2017-10-10,-77.0,-32.0,870.0,72,1841
137,2017-10-09,-77.0,-29.0,871.0,71,1840
138,2017-10-08,-80.0,-30.0,872.0,71,1839
139,2017-10-07,-79.0,-27.0,872.0,70,1838
140,2017-10-06,-81.0,-28.0,872.0,70,1837
141,2017-10-05,-81.0,-29.0,873.0,69,1836
142,2017-10-04,-80.0,-31.0,873.0,69,1835
143,2017-10-03,-80.0,-25.0,875.0,68,1834
144,2017-10-02,-81.0,-30.0,875.0,68,1833
145,2017-10-01,-84.0,-30.0,875.0,68,1832
146,2017-09-30,-80.0,-26.0,876.0,67,1831
147,2017-09-29,-80.0,-23.0,877.0,67,1830
148,2017-09-28,-78.0,-29.0,877.0,66,1829
149,2017-09-27,-80.0,-27.0,878.0,66,1828
150,2017-09-26,-80.0,-28.0,879.0,65,1827
151,2017-09-25,-80.0,-26.0,878.0,65,1826
152,2017-09-24,-80.0,-27.0,878.0,64,1825
153,2017-09-23,-80.0,-28.0,879.0,64,1824
154,2017-09-22,-80.0,-28.0,879.0,64,1823
155,2017-09-21,-78.0,-27.0,881.0,63,1822
156,2017-09-20,-81.0,-29.0,882.0,63,1821
157,2017-09-19,-79.0,-29.0,881.0,62,1820
158,2017-09-18,-82.0,-28.0,880.0,62,1819
159,2017-09-17,-81.0,-25.0,881.0,61,1818
160,2017-09-16,-80.0,-29.0,882.0,61,1817
161,2017-09-15,-82.0,-30.0,882.0,60,1816
162,2017-09-13,-81.0,-29.0,881.0,60,1815
163,2017-09-12,-80.0,-26.0,881.0,59,1814
164,2017-09-11,-80.0,-27.0,881.0,59,1813
165,2017-09-10,-79.0,-23.0,882.0,59,1812
166,2017-09-09,-79.0,-25.0,882.0,58,1811
167,2017-09-08,-78.0,-25.0,883.0,58,1810
168,2017-09-07,-80.0,-25.0,884.0,57,1809
169,2017-09-06,-79.0,-26.0,884.0,57,1808
170,2017-09-05,-78.0,-23.0,884.0,56,1807
171,2017-09-04,-80.0,-25.0,884.0,56,1806
172,2017-09-03,-78.0,-27.0,883.0,55,1805
173,2017-09-02,-78.0,-29.0,883.0,55,1804
174,2017-09-01,-78.0,-25.0,882.0,55,1803
175,2017-08-31,-79.0,-26.0,882.0,54,1802
176,2017-08-30,-80.0,-21.0,882.0,54,1801
177,2017-08-29,-80.0,-24.0,883.0,53,1800
178,2017-08-28,-78.0,-24.0,883.0,53,1799
179,2017-08-27,-79.0,-25.0,883.0,52,1798
180,2017-08-26,-79.0,-27.0,884.0,52,1797
181,2017-08-25,-80.0,-23.0,883.0,51,1796
182,2017-08-24,-81.0,-19.0,882.0,51,1795
183,2017-08-23,-80.0,-25.0,883.0,50,1794
184,2017-08-22,-80.0,-22.0,883.0,50,1793
185,2017-08-21,-80.0,-27.0,883.0,50,1792
186,2017-08-20,-79.0,-23.0,882.0,49,1791
187,2017-08-19,-81.0,-22.0,882.0,49,1790
188,2017-08-18,-79.0,-19.0,881.0,48,1789
189,2017-08-17,-79.0,-21.0,881.0,48,1788
190,2017-08-16,-79.0,-26.0,881.0,47,1787
191,2017-08-14,-77.0,-20.0,881.0,46,1785
192,2017-08-13,-80.0,-22.0,883.0,46,1784
193,2017-08-12,-79.0,-23.0,879.0,45,1783
194,2017-08-11,-78.0,-22.0,878.0,45,1782
195,2017-08-10,-78.0,-22.0,879.0,45,1781
196,2017-08-09,-77.0,-20.0,879.0,44,1780
197,2017-08-07,-78.0,-23.0,878.0,44,1779
198,2017-08-06,-81.0,-23.0,877.0,43,1778
199,2017-08-05,-79.0,-22.0,877.0,43,1777
200,2017-08-04,-79.0,-24.0,877.0,42,1776
201,2017-08-03,-80.0,-22.0,877.0,42,1775
202,2017-08-02,-79.0,-18.0,877.0,41,1774
203,2017-08-01,-78.0,-22.0,876.0,41,1773
204,2017-07-31,-78.0,-20.0,876.0,40,1772
205,2017-07-30,-79.0,-22.0,876.0,40,1771
206,2017-07-29,-79.0,-19.0,875.0,39,1770
207,2017-07-28,-76.0,-23.0,875.0,39,1769
208,2017-07-27,-78.0,-22.0,875.0,39,1768
209,2017-07-26,-77.0,-22.0,874.0,38,1767
210,2017-07-25,-79.0,-17.0,873.0,38,1766
211,2017-07-24,-77.0,-20.0,873.0,37,1765
212,2017-07-23,-79.0,-18.0,872.0,37,1764
213,2017-07-22,-78.0,-20.0,873.0,36,1763
214,2017-07-21,-77.0,-20.0,872.0,36,1762
215,2017-07-20,-77.0,-20.0,872.0,35,1761
216,2017-07-19,-78.0,-18.0,872.0,35,1760
217,2017-07-18,-77.0,-20.0,871.0,34,1759
218,2017-07-17,-78.0,-20.0,871.0,34,1758
219,2017-07-16,-78.0,-21.0,871.0,33,1757
220,2017-07-15,-78.0,-23.0,871.0,33,1756
221,2017-07-14,-77.0,-22.0,870.0,32,1755
222,2017-07-13,-78.0,-20.0,870.0,32,1754
223,2017-07-12,-76.0,-16.0,868.0,32,1753
224,2017-07-11,-80.0,-16.0,867.0,31,1752
225,2017-07-10,-78.0,-23.0,867.0,31,1751
226,2017-07-09,-77.0,-17.0,867.0,30,1750
227,2017-07-08,-76.0,-21.0,867.0,30,1749
228,2017-07-07,-79.0,-19.0,867.0,29,1748
229,2017-07-06,-79.0,-16.0,866.0,29,1747
230,2017-07-05,-76.0,-16.0,866.0,28,1746
231,2017-07-04,-78.0,-19.0,865.0,28,1745
232,2017-07-03,-78.0,-22.0,863.0,27,1744
233,2017-07-02,-78.0,-21.0,863.0,27,1743
234,2017-06-30,-77.0,-12.0,865.0,26,1742
235,2017-06-29,-78.0,-18.0,863.0,26,1741
236,2017-06-28,-78.0,-21.0,861.0,25,1740
237,2017-06-27,-77.0,-22.0,861.0,25,1739
238,2017-06-26,-78.0,-22.0,861.0,24,1738
239,2017-06-25,-78.0,-19.0,861.0,24,1737
240,2017-06-24,-77.0,-16.0,860.0,23,1736
241,2017-06-23,-78.0,-13.0,861.0,23,1735
242,2017-06-22,-78.0,-22.0,859.0,23,1734
243,2017-06-21,-77.0,-21.0,859.0,22,1733
244,2017-06-20,-78.0,-24.0,858.0,22,1732
245,2017-06-19,-78.0,-24.0,857.0,21,1731
246,2017-06-18,-77.0,-20.0,858.0,21,1730
247,2017-06-17,-76.0,-19.0,858.0,20,1729
248,2017-06-16,-76.0,-16.0,855.0,20,1728
249,2017-06-15,-75.0,-13.0,855.0,19,1727
250,2017-06-14,-76.0,-17.0,855.0,19,1726
251,2017-06-13,-79.0,-18.0,857.0,18,1725
252,2017-06-12,-77.0,-21.0,856.0,18,1724
253,2017-06-11,-76.0,-16.0,854.0,17,1723
254,2017-06-10,-77.0,-13.0,854.0,17,1722
255,2017-06-09,-76.0,-16.0,852.0,16,1721
256,2017-06-08,-76.0,-17.0,853.0,16,1720
257,2017-06-07,-77.0,-19.0,853.0,15,1719
258,2017-06-06,-77.0,-16.0,852.0,15,1718
259,2017-06-05,-76.0,-12.0,851.0,14,1717
260,2017-06-04,-76.0,-10.0,850.0,14,1716
261,2017-06-03,-77.0,-10.0,851.0,13,1715
262,2017-06-02,-77.0,-13.0,849.0,13,1714
263,2017-06-01,-75.0,-10.0,850.0,12,1713
264,2017-05-31,-77.0,-11.0,849.0,12,1712
265,2017-05-30,-75.0,-13.0,848.0,11,1711
266,2017-05-29,-76.0,-12.0,848.0,11,1710
267,2017-05-28,-76.0,-14.0,847.0,10,1709
268,2017-05-27,-76.0,-13.0,846.0,10,1708
269,2017-05-26,-77.0,-12.0,846.0,9,1707
270,2017-05-24,-77.0,-17.0,845.0,9,1706
271,2017-05-23,-76.0,-11.0,845.0,8,1705
272,2017-05-22,-77.0,-14.0,844.0,8,1704
273,2017-05-21,-76.0,-12.0,843.0,7,1703
274,2017-05-20,-75.0,-12.0,842.0,7,1702
275,2017-05-19,-76.0,-12.0,841.0,6,1701
276,2017-05-18,-76.0,-14.0,842.0,6,1700
277,2017-05-17,-76.0,-12.0,843.0,5,1699
278,2017-05-16,-77.0,-12.0,842.0,5,1698
279,2017-05-15,-77.0,-15.0,841.0,4,1697
280,2017-05-14,-75.0,-17.0,841.0,4,1696
281,2017-05-13,-77.0,-13.0,840.0,3,1695
282,2017-05-12,-76.0,-12.0,840.0,3,1694
283,2017-05-11,-76.0,-12.0,840.0,2,1693
284,2017-05-10,-62.0,-11.0,820.0,2,1692
285,2017-05-08,-76.0,-14.0,840.0,1,1690
286,2017-05-07,-75.0,-10.0,840.0,0,1689
287,2017-05-06,-76.0,-13.0,840.0,0,1688
288,2017-05-05,-75.0,-11.0,838.0,359,1687
289,2017-05-04,-75.0,-13.0,838.0,359,1686
290,2017-05-03,-77.0,-14.0,838.0,358,1685
291,2017-05-02,-75.0,-14.0,837.0,358,1684
292,2017-05-01,-75.0,-15.0,837.0,357,1683
293,2017-04-30,-76.0,-13.0,839.0,357,1682
294,2017-04-29,-74.0,-12.0,837.0,356,1681
295,2017-04-28,-74.0,-11.0,835.0,356,1680
296,2017-04-27,-75.0,-12.0,836.0,355,1679
297,2017-04-26,-74.0,-11.0,836.0,355,1678
298,2017-04-25,-74.0,-8.0,835.0,354,1677
299,2017-04-24,-76.0,-11.0,837.0,354,1676
300,2017-04-23,-75.0,-6.0,835.0,353,1675
301,2017-04-22,-75.0,-6.0,835.0,352,1674
302,2017-04-21,-75.0,-6.0,836.0,352,1673
303,2017-04-20,-74.0,-5.0,833.0,351,1672
304,2017-04-19,-76.0,-7.0,832.0,351,1671
305,2017-04-18,-76.0,-12.0,834.0,350,1670
306,2017-04-16,-74.0,-12.0,833.0,350,1669
307,2017-04-15,-77.0,-4.0,831.0,349,1668
308,2017-04-14,-76.0,-9.0,833.0,349,1667
309,2017-04-13,-76.0,-8.0,834.0,348,1666
310,2017-04-12,-76.0,-7.0,833.0,348,1665
311,2017-04-11,-74.0,-8.0,832.0,347,1664
312,2017-04-10,-74.0,-6.0,832.0,347,1663
313,2017-04-09,-75.0,-3.0,831.0,346,1662
314,2017-04-08,-75.0,-5.0,831.0,346,1661
315,2017-04-07,-74.0,-5.0,832.0,345,1660
316,2017-04-06,-77.0,-7.0,832.0,345,1659
317,2017-04-05,-77.0,-8.0,835.0,344,1658
318,2017-04-04,-75.0,-9.0,836.0,343,1657
319,2017-04-03,-75.0,-3.0,832.0,343,1656
320,2017-04-02,-76.0,-14.0,831.0,342,1655
321,2017-04-01,-75.0,-17.0,829.0,342,1654
322,2017-03-31,-75.0,-15.0,833.0,341,1653
323,2017-03-30,-76.0,-15.0,834.0,341,1652
324,2017-03-29,-77.0,-8.0,833.0,340,1651
325,2017-03-28,-75.0,-8.0,833.0,340,1650
326,2017-03-27,-74.0,-8.0,830.0,339,1649
327,2017-03-26,-73.0,-14.0,830.0,339,1648
328,2017-03-25,-73.0,-3.0,831.0,338,1647
329,2017-03-24,-74.0,-8.0,831.0,337,1646
330,2017-03-23,-74.0,-3.0,832.0,337,1645
331,2017-03-22,-74.0,-10.0,832.0,336,1644
332,2017-03-21,-74.0,-11.0,832.0,336,1643
333,2017-03-20,-72.0,-13.0,829.0,335,1642
334,2017-03-19,-72.0,-6.0,831.0,335,1641
335,2017-03-18,-72.0,-8.0,832.0,334,1640
336,2017-03-17,-71.0,-6.0,832.0,334,1639
337,2017-03-16,-73.0,-9.0,833.0,333,1638
338,2017-03-15,-73.0,-10.0,833.0,332,1637
339,2017-03-14,-72.0,-14.0,834.0,332,1636
340,2017-03-13,-73.0,-7.0,833.0,331,1635
341,2017-03-12,-72.0,-5.0,834.0,331,1634
342,2017-03-10,-75.0,-4.0,834.0,330,1633
343,2017-03-09,-72.0,-4.0,836.0,330,1632
344,2017-03-08,-77.0,-6.0,837.0,329,1631
345,2017-03-07,-77.0,-6.0,838.0,328,1630
346,2017-03-06,-74.0,-8.0,837.0,328,1629
347,2017-03-05,-71.0,-8.0,839.0,327,1628
348,2017-03-04,-72.0,-9.0,838.0,327,1627
349,2017-03-03,-71.0,-11.0,839.0,326,1626
350,2017-03-02,-71.0,-8.0,839.0,326,1625
351,2017-03-01,-72.0,-8.0,837.0,325,1624
352,2017-02-28,-71.0,-10.0,840.0,324,1623
353,2017-02-27,-71.0,-9.0,841.0,324,1622
354,2017-02-26,-73.0,-13.0,842.0,323,1621
355,2017-02-25,-70.0,-9.0,844.0,323,1620
356,2017-02-24,-73.0,-8.0,841.0,322,1619
357,2017-02-23,-71.0,-7.0,845.0,322,1618
358,2017-02-22,-72.0,-8.0,840.0,321,1617
359,2017-02-21,-73.0,-8.0,848.0,320,1616
360,2017-02-20,-73.0,-5.0,842.0,320,1615
361,2017-02-19,-73.0,-8.0,837.0,319,1614
362,2017-02-18,-72.0,-2.0,846.0,319,1613
363,2017-02-17,,,,318,1612
364,2017-02-16,,,,318,1611
365,2017-02-15,,,,317,1610
366,2017-02-14,-71.0,-7.0,847.0,316,1609
367,2017-02-13,-72.0,-8.0,847.0,316,1608
368,2017-02-12,-77.0,-12.0,846.0,315,1607
369,2017-02-11,-75.0,-10.0,850.0,315,1606
370,2017-02-10,-73.0,-13.0,846.0,314,1605
371,2017-02-09,-77.0,-11.0,850.0,313,1604
372,2017-02-08,-76.0,-5.0,847.0,313,1603
373,2017-02-07,-77.0,-5.0,852.0,312,1602
374,2017-02-06,-71.0,-2.0,853.0,312,1601
375,2017-02-05,-71.0,-7.0,850.0,311,1600
376,2017-02-04,-72.0,-7.0,853.0,310,1599
377,2017-02-03,-70.0,-4.0,849.0,310,1598
378,2017-02-01,-73.0,-8.0,855.0,309,1597
379,2017-01-31,-74.0,-6.0,850.0,309,1596
380,2017-01-30,-71.0,-7.0,855.0,308,1595
381,2017-01-29,-74.0,-6.0,855.0,307,1594
382,2017-01-28,-72.0,-1.0,852.0,307,1593
383,2017-01-27,-71.0,0.0,857.0,306,1592
384,2017-01-26,-73.0,-1.0,852.0,306,1591
385,2017-01-25,-76.0,-1.0,860.0,305,1590
386,2017-01-24,-72.0,-2.0,857.0,304,1589
387,2017-01-23,-72.0,0.0,858.0,304,1588
388,2017-01-22,-73.0,-1.0,860.0,303,1587
389,2017-01-21,-72.0,-1.0,858.0,303,1586
390,2017-01-20,-76.0,-2.0,864.0,302,1585
391,2017-01-19,-77.0,-2.0,860.0,301,1584
392,2017-01-18,-75.0,-4.0,862.0,301,1583
393,2017-01-17,-74.0,-1.0,862.0,300,1582
394,2017-01-16,-72.0,-1.0,862.0,299,1581
395,2017-01-15,-72.0,-2.0,867.0,299,1580
396,2017-01-14,-73.0,-3.0,862.0,298,1579
397,2017-01-13,-74.0,-5.0,868.0,298,1578
398,2017-01-12,-72.0,-3.0,866.0,297,1577
399,2017-01-11,-72.0,-1.0,869.0,296,1576
400,2017-01-10,-73.0,0.0,871.0,296,1575
401,2017-01-09,-72.0,4.0,868.0,295,1574
402,2017-01-08,-74.0,-2.0,872.0,295,1573
403,2017-01-07,-81.0,-6.0,869.0,294,1572
404,2017-01-06,-70.0,-3.0,873.0,293,1571
405,2017-01-05,-71.0,-6.0,873.0,293,1570
406,2017-01-04,-70.0,-4.0,873.0,292,1569
407,2017-01-03,-71.0,-5.0,876.0,291,1568
408,2017-01-02,-70.0,-5.0,872.0,291,1567
409,2017-01-01,-76.0,-6.0,876.0,290,1566
410,2016-12-31,-72.0,-6.0,874.0,290,1565
411,2016-12-30,-70.0,-7.0,877.0,289,1564
412,2016-12-29,-75.0,-6.0,879.0,288,1563
413,2016-12-28,-73.0,-5.0,877.0,288,1562
414,2016-12-27,-77.0,-8.0,877.0,287,1561
415,2016-12-25,-76.0,-10.0,877.0,286,1560
416,2016-12-24,-76.0,-7.0,879.0,286,1559
417,2016-12-23,-72.0,-6.0,880.0,285,1558
418,2016-12-22,-70.0,-6.0,883.0,284,1557
419,2016-12-21,-72.0,-5.0,883.0,284,1556
420,2016-12-20,-71.0,-6.0,883.0,283,1555
421,2016-12-19,-70.0,-7.0,882.0,283,1554
422,2016-12-18,-77.0,-9.0,884.0,282,1553
423,2016-12-17,-74.0,-6.0,886.0,281,1552
424,2016-12-16,-71.0,0.0,886.0,281,1551
425,2016-12-15,-71.0,-1.0,888.0,280,1550
426,2016-12-14,-76.0,-2.0,887.0,279,1549
427,2016-12-13,-76.0,-8.0,887.0,279,1548
428,2016-12-12,-75.0,-8.0,887.0,278,1547
429,2016-12-11,-73.0,-7.0,889.0,277,1546
430,2016-12-10,-73.0,3.0,891.0,277,1545
431,2016-12-09,-71.0,1.0,894.0,276,1544
432,2016-12-08,-74.0,-7.0,896.0,276,1543
433,2016-12-07,-73.0,-9.0,895.0,275,1542
434,2016-12-06,-76.0,-8.0,895.0,274,1541
435,2016-12-05,-72.0,-3.0,896.0,274,1540
436,2016-12-04,-74.0,-1.0,896.0,273,1539
437,2016-12-03,-73.0,-3.0,898.0,272,1538
438,2016-12-02,-74.0,-7.0,900.0,272,1537
439,2016-12-01,-71.0,-4.0,901.0,271,1536
440,2016-11-30,-73.0,-1.0,900.0,270,1535
441,2016-11-29,-73.0,-2.0,898.0,270,1534
442,2016-11-28,-72.0,-4.0,896.0,269,1533
443,2016-11-27,-72.0,-3.0,900.0,268,1532
444,2016-11-26,-76.0,-10.0,900.0,268,1531
445,2016-11-25,-71.0,-4.0,899.0,267,1530
446,2016-11-24,-73.0,3.0,900.0,267,1529
447,2016-11-23,-72.0,-4.0,898.0,266,1528
448,2016-11-22,-71.0,-6.0,900.0,265,1527
449,2016-11-21,-72.0,-2.0,900.0,265,1526
450,2016-11-20,-74.0,-2.0,902.0,264,1525
451,2016-11-18,-76.0,-4.0,904.0,263,1524
452,2016-11-17,-77.0,-10.0,905.0,263,1523
453,2016-11-16,-71.0,-2.0,905.0,262,1522
454,2016-11-15,-71.0,-1.0,905.0,261,1521
455,2016-11-14,-73.0,-2.0,905.0,261,1520
456,2016-11-13,-72.0,5.0,906.0,260,1519
457,2016-11-12,-78.0,-8.0,909.0,259,1518
458,2016-11-11,-76.0,2.0,911.0,259,1517
459,2016-11-10,-71.0,4.0,909.0,258,1516
460,2016-11-09,-76.0,3.0,906.0,257,1515
461,2016-11-08,-73.0,0.0,906.0,257,1514
462,2016-11-07,-74.0,-1.0,907.0,256,1513
463,2016-11-06,-78.0,0.0,906.0,255,1512
464,2016-11-05,-77.0,0.0,908.0,255,1511
465,2016-11-04,-70.0,2.0,908.0,254,1510
466,2016-11-03,-70.0,3.0,910.0,254,1509
467,2016-11-02,-70.0,-2.0,907.0,253,1508
468,2016-11-01,-70.0,-3.0,907.0,252,1507
469,2016-10-31,-71.0,-1.0,907.0,252,1506
470,2016-10-30,-69.0,2.0,906.0,251,1505
471,2016-10-29,-69.0,-1.0,910.0,250,1504
472,2016-10-28,-70.0,3.0,909.0,250,1503
473,2016-10-27,-69.0,0.0,907.0,249,1502
474,2016-10-26,-69.0,3.0,903.0,248,1501
475,2016-10-25,-70.0,-4.0,903.0,248,1500
476,2016-10-24,-69.0,-2.0,903.0,247,1499
477,2016-10-23,-68.0,-9.0,907.0,246,1498
478,2016-10-22,-68.0,-5.0,909.0,246,1497
479,2016-10-21,-72.0,-8.0,906.0,245,1496
480,2016-10-20,-71.0,-7.0,903.0,244,1495
481,2016-10-19,-70.0,-8.0,904.0,244,1494
482,2016-10-18,-70.0,-11.0,905.0,243,1493
483,2016-10-17,-68.0,-10.0,910.0,242,1492
484,2016-10-16,-69.0,-8.0,906.0,242,1491
485,2016-10-15,-66.0,-10.0,904.0,241,1490
486,2016-10-14,-68.0,-8.0,903.0,240,1489
487,2016-10-12,-69.0,-6.0,902.0,240,1488
488,2016-10-11,-68.0,-5.0,901.0,239,1487
489,2016-10-10,-71.0,-1.0,901.0,239,1486
490,2016-10-09,-71.0,3.0,899.0,238,1485
491,2016-10-08,-68.0,4.0,895.0,237,1484
492,2016-10-07,-68.0,1.0,892.0,237,1483
493,2016-10-06,-68.0,2.0,893.0,236,1482
494,2016-10-05,-70.0,1.0,893.0,235,1481
495,2016-10-04,-68.0,1.0,893.0,235,1480
496,2016-10-03,-66.0,3.0,890.0,234,1479
497,2016-10-02,-68.0,1.0,887.0,233,1478
498,2016-10-01,-72.0,0.0,888.0,233,1477
499,2016-09-30,-69.0,2.0,888.0,232,1476
500,2016-09-29,-72.0,2.0,890.0,231,1475
501,2016-09-28,-68.0,2.0,889.0,231,1474
502,2016-09-27,-67.0,4.0,881.0,230,1473
503,2016-09-26,-68.0,5.0,879.0,229,1472
504,2016-09-25,-71.0,4.0,880.0,229,1471
505,2016-09-24,-70.0,1.0,879.0,228,1470
506,2016-09-23,-72.0,1.0,881.0,228,1469
507,2016-09-22,-70.0,5.0,879.0,227,1468
508,2016-09-21,-69.0,-4.0,877.0,226,1467
509,2016-09-20,-67.0,-6.0,873.0,226,1466
510,2016-09-19,-68.0,-3.0,870.0,225,1465
511,2016-09-18,-71.0,-6.0,871.0,224,1464
512,2016-09-17,-68.0,-1.0,871.0,224,1463
513,2016-09-16,-68.0,-5.0,871.0,223,1462
514,2016-09-15,-69.0,-7.0,870.0,222,1461
515,2016-09-14,-70.0,-4.0,865.0,222,1460
516,2016-09-13,-71.0,-2.0,861.0,221,1459
517,2016-09-12,-69.0,-1.0,859.0,220,1458
518,2016-09-11,-69.0,-5.0,860.0,220,1457
519,2016-09-10,-69.0,-1.0,859.0,219,1456
520,2016-09-09,-70.0,-4.0,858.0,219,1455
521,2016-09-08,-69.0,3.0,854.0,218,1454
522,2016-09-07,-73.0,5.0,850.0,217,1453
523,2016-09-06,-74.0,5.0,845.0,217,1452
524,2016-09-04,-71.0,5.0,842.0,216,1451
525,2016-09-03,-69.0,5.0,842.0,215,1450
526,2016-09-02,-71.0,5.0,841.0,215,1449
527,2016-09-01,-69.0,5.0,841.0,214,1448
528,2016-08-31,-74.0,4.0,841.0,214,1447
529,2016-08-30,-70.0,6.0,841.0,213,1446
530,2016-08-29,-69.0,1.0,836.0,212,1445
531,2016-08-28,-69.0,8.0,833.0,212,1444
532,2016-08-27,-69.0,7.0,831.0,211,1443
533,2016-08-26,-68.0,0.0,829.0,210,1442
534,2016-08-25,-74.0,10.0,828.0,210,1441
535,2016-08-24,-70.0,4.0,828.0,209,1440
536,2016-08-23,-71.0,5.0,828.0,208,1439
537,2016-08-22,-68.0,11.0,823.0,208,1438
538,2016-08-21,-71.0,7.0,821.0,207,1437
539,2016-08-20,-72.0,4.0,825.0,207,1436
540,2016-08-19,-71.0,4.0,823.0,206,1435
541,2016-08-18,-70.0,0.0,818.0,205,1434
542,2016-08-17,-70.0,6.0,818.0,205,1433
543,2016-08-16,-71.0,7.0,813.0,204,1432
544,2016-08-15,-69.0,7.0,811.0,204,1431
545,2016-08-14,-69.0,5.0,810.0,203,1430
546,2016-08-13,-70.0,4.0,810.0,202,1429
547,2016-08-12,-72.0,4.0,808.0,202,1428
548,2016-08-11,-72.0,8.0,807.0,201,1427
549,2016-08-10,-71.0,-6.0,803.0,200,1426
550,2016-08-09,-72.0,-8.0,804.0,200,1425
551,2016-08-08,-72.0,-8.0,803.0,199,1424
552,2016-08-07,-71.0,-9.0,800.0,199,1423
553,2016-08-06,-72.0,-9.0,798.0,198,1422
554,2016-08-05,-72.0,-9.0,797.0,197,1421
555,2016-08-04,-71.0,-8.0,793.0,197,1420
556,2016-08-03,-73.0,-7.0,793.0,196,1419
557,2016-08-02,-73.0,-9.0,793.0,196,1418
558,2016-08-01,-70.0,-8.0,791.0,195,1417
559,2016-07-31,-72.0,5.0,791.0,194,1416
560,2016-07-29,-72.0,8.0,787.0,194,1415
561,2016-07-28,-73.0,7.0,785.0,193,1414
562,2016-07-27,-72.0,5.0,784.0,193,1413
563,2016-07-26,-78.0,4.0,784.0,192,1412
564,2016-07-25,-72.0,6.0,782.0,191,1411
565,2016-07-24,-72.0,7.0,782.0,191,1410
566,2016-07-23,-74.0,-9.0,781.0,190,1409
567,2016-07-22,-75.0,-10.0,779.0,190,1408
568,2016-07-21,-74.0,-9.0,779.0,189,1407
569,2016-07-20,-76.0,-9.0,775.0,188,1406
570,2016-07-19,-75.0,-2.0,775.0,188,1405
571,2016-07-18,-75.0,-10.0,774.0,187,1404
572,2016-07-17,-75.0,-9.0,771.0,187,1403
573,2016-07-16,-75.0,-11.0,771.0,186,1402
574,2016-07-15,-73.0,-4.0,770.0,185,1401
575,2016-07-14,-73.0,3.0,770.0,185,1400
576,2016-07-13,-73.0,1.0,770.0,184,1399
577,2016-07-12,-66.0,3.0,751.0,184,1398
578,2016-07-02,-73.0,4.0,756.0,178,1388
579,2016-07-01,-74.0,2.0,755.0,177,1387
580,2016-06-30,-74.0,-1.0,755.0,177,1386
581,2016-06-29,-75.0,-3.0,755.0,176,1385
582,2016-06-28,-74.0,2.0,753.0,176,1384
583,2016-06-27,-73.0,3.0,752.0,175,1383
584,2016-06-26,-76.0,-4.0,752.0,174,1382
585,2016-06-25,-73.0,-8.0,751.0,174,1381
586,2016-06-24,-74.0,-7.0,751.0,173,1380
587,2016-06-23,-77.0,-7.0,751.0,173,1379
588,2016-06-21,-76.0,1.0,751.0,172,1378
589,2016-06-20,-76.0,1.0,749.0,172,1377
590,2016-06-19,-75.0,0.0,749.0,171,1376
591,2016-06-18,-73.0,-2.0,749.0,170,1375
592,2016-06-17,-75.0,-5.0,748.0,170,1374
593,2016-06-16,-74.0,-3.0,746.0,169,1373
594,2016-06-15,-74.0,-4.0,745.0,169,1372
595,2016-06-14,-75.0,-2.0,746.0,168,1371
596,2016-06-13,-74.0,-1.0,744.0,168,1370
597,2016-06-12,-73.0,1.0,742.0,167,1369
598,2016-06-11,-74.0,-16.0,743.0,167,1368
599,2016-06-10,-74.0,-14.0,743.0,166,1367
600,2016-06-09,-75.0,-15.0,740.0,165,1366
601,2016-06-08,-74.0,-15.0,739.0,165,1365
602,2016-06-07,-74.0,-16.0,740.0,164,1364
603,2016-06-06,-75.0,-14.0,740.0,164,1363
604,2016-06-05,-74.0,-17.0,739.0,163,1362
605,2016-06-04,-75.0,-16.0,739.0,163,1361
606,2016-06-03,-76.0,-16.0,739.0,162,1360
607,2016-06-02,-76.0,-13.0,739.0,162,1359
608,2016-06-01,-74.0,-16.0,738.0,161,1358
609,2016-05-31,-72.0,-16.0,738.0,160,1357
610,2016-05-30,-74.0,-5.0,739.0,160,1356
611,2016-05-29,-75.0,-11.0,740.0,159,1355
612,2016-05-28,-75.0,-5.0,739.0,159,1354
613,2016-05-27,-76.0,-6.0,737.0,158,1353
614,2016-05-26,-73.0,-6.0,736.0,158,1352
615,2016-05-25,-72.0,-12.0,739.0,157,1351
616,2016-05-24,-73.0,-9.0,738.0,157,1350
617,2016-05-23,-73.0,-9.0,737.0,156,1349
618,2016-05-22,-76.0,-15.0,735.0,156,1348
619,2016-05-21,-75.0,-16.0,736.0,155,1347
620,2016-05-20,-75.0,-16.0,737.0,155,1346
621,2016-05-19,-75.0,-19.0,735.0,154,1345
622,2016-05-18,-75.0,-14.0,734.0,153,1344
623,2016-05-17,-74.0,-8.0,735.0,153,1343
624,2016-05-15,-80.0,-7.0,735.0,152,1342
625,2016-05-14,-76.0,-9.0,735.0,152,1341
626,2016-05-13,-76.0,-15.0,734.0,151,1340
627,2016-05-12,-77.0,-18.0,733.0,151,1339
628,2016-05-11,-75.0,-18.0,734.0,150,1338
629,2016-05-10,-76.0,-13.0,734.0,150,1337
630,2016-05-09,-75.0,-12.0,732.0,149,1336
631,2016-05-08,-77.0,-10.0,732.0,149,1335
632,2016-05-07,-77.0,-12.0,732.0,148,1334
633,2016-05-06,-76.0,-18.0,733.0,148,1333
634,2016-05-05,-78.0,-11.0,734.0,147,1332
635,2016-05-04,-76.0,-19.0,734.0,147,1331
636,2016-05-03,-78.0,-14.0,734.0,146,1330
637,2016-05-02,-74.0,-15.0,735.0,146,1329
638,2016-05-01,-77.0,-12.0,735.0,145,1328
639,2016-04-30,-76.0,-11.0,736.0,145,1327
640,2016-04-29,-77.0,-15.0,738.0,144,1326
641,2016-04-28,-78.0,-14.0,738.0,144,1325
642,2016-04-27,-78.0,-9.0,738.0,143,1324
643,2016-04-26,-77.0,-11.0,738.0,142,1323
644,2016-04-25,-78.0,-10.0,740.0,142,1322
645,2016-04-24,-77.0,-15.0,740.0,141,1321
646,2016-04-23,-77.0,-11.0,741.0,141,1320
647,2016-04-22,-78.0,-8.0,742.0,140,1319
648,2016-04-21,-80.0,-15.0,743.0,140,1318
649,2016-04-20,-80.0,-15.0,743.0,139,1317
650,2016-04-19,-80.0,-20.0,744.0,139,1316
651,2016-04-18,-77.0,-14.0,744.0,138,1315
652,2016-04-17,-78.0,-14.0,744.0,138,1314
653,2016-04-16,-77.0,-14.0,745.0,137,1313
654,2016-04-15,-77.0,-12.0,745.0,137,1312
655,2016-04-14,-78.0,-11.0,745.0,136,1311
656,2016-04-13,-76.0,-15.0,745.0,136,1310
657,2016-04-12,-81.0,-19.0,747.0,135,1309
658,2016-04-11,-81.0,-23.0,748.0,135,1308
659,2016-04-10,-80.0,-27.0,748.0,134,1307
660,2016-04-08,-79.0,-23.0,748.0,134,1306
661,2016-04-07,-80.0,-21.0,749.0,133,1305
662,2016-04-06,-80.0,-22.0,750.0,133,1304
663,2016-04-05,-78.0,-26.0,751.0,132,1303
664,2016-04-04,-80.0,-24.0,751.0,132,1302
665,2016-04-03,-78.0,-20.0,752.0,131,1301
666,2016-04-02,-79.0,-16.0,752.0,131,1300
667,2016-04-01,-80.0,-19.0,753.0,130,1299
668,2016-03-31,-79.0,-17.0,755.0,130,1298
669,2016-03-30,-80.0,-24.0,755.0,129,1297
670,2016-03-29,-79.0,-25.0,756.0,129,1296
671,2016-03-28,-79.0,-20.0,757.0,128,1295
672,2016-03-27,-79.0,-16.0,758.0,128,1294
673,2016-03-26,-81.0,-21.0,758.0,127,1293
674,2016-03-25,-81.0,-22.0,760.0,127,1292
675,2016-03-24,-80.0,-21.0,760.0,126,1291
676,2016-03-21,-80.0,-16.0,763.0,125,1288
677,2016-03-20,-80.0,-18.0,764.0,124,1287
678,2016-03-19,-80.0,-19.0,765.0,124,1286
679,2016-03-18,-80.0,-13.0,766.0,123,1285
680,2016-03-17,-80.0,-21.0,767.0,123,1284
681,2016-03-16,-82.0,-20.0,767.0,123,1283
682,2016-03-15,-81.0,-16.0,768.0,122,1282
683,2016-03-14,-83.0,-22.0,769.0,122,1281
684,2016-03-13,-84.0,-23.0,771.0,121,1280
685,2016-03-12,-83.0,-29.0,772.0,121,1279
686,2016-03-11,-83.0,-29.0,773.0,120,1278
687,2016-03-10,-84.0,-28.0,774.0,120,1277
688,2016-03-09,-83.0,-20.0,774.0,119,1276
689,2016-03-08,-82.0,-17.0,775.0,119,1275
690,2016-03-07,-82.0,-17.0,777.0,118,1274
691,2016-03-06,-79.0,-19.0,778.0,118,1273
692,2016-03-05,-81.0,-23.0,780.0,117,1272
693,2016-03-04,-84.0,-22.0,781.0,117,1271
694,2016-03-03,-82.0,-18.0,782.0,116,1270
695,2016-03-01,-83.0,-17.0,782.0,116,1269
696,2016-02-29,-83.0,-24.0,784.0,115,1268
697,2016-02-28,-83.0,-24.0,786.0,115,1267
698,2016-02-27,-82.0,-27.0,787.0,114,1266
699,2016-02-26,-81.0,-28.0,787.0,114,1265
700,2016-02-25,-84.0,-27.0,787.0,113,1264
701,2016-02-24,-84.0,-29.0,788.0,113,1263
702,2016-02-23,-81.0,-29.0,790.0,112,1262
703,2016-02-22,-81.0,-25.0,790.0,112,1261
704,2016-02-21,-83.0,-23.0,792.0,112,1260
705,2016-02-20,-84.0,-25.0,794.0,111,1259
706,2016-02-19,-83.0,-23.0,794.0,111,1258
707,2016-02-18,-84.0,-21.0,794.0,110,1257
708,2016-02-17,-84.0,-27.0,797.0,110,1256
709,2016-02-16,-84.0,-25.0,798.0,109,1255
710,2016-02-15,-84.0,-29.0,799.0,109,1254
711,2016-02-14,-85.0,-26.0,800.0,108,1253
712,2016-02-13,-85.0,-31.0,802.0,108,1252
713,2016-02-12,-85.0,-27.0,803.0,107,1251
714,2016-02-11,-85.0,-28.0,804.0,107,1250
715,2016-02-10,-85.0,-32.0,806.0,106,1249
716,2016-02-09,-86.0,-23.0,807.0,106,1248
717,2016-02-08,-85.0,-25.0,809.0,105,1247
718,2016-02-07,-85.0,-25.0,810.0,105,1246
719,2016-02-06,-86.0,-26.0,811.0,105,1245
720,2016-02-05,-85.0,-26.0,812.0,104,1244
721,2016-02-04,-86.0,-26.0,814.0,104,1243
722,2016-02-03,-87.0,-26.0,815.0,103,1242
723,2016-02-02,-87.0,-28.0,816.0,103,1241
724,2016-02-01,-87.0,-24.0,816.0,102,1240
725,2016-01-31,-89.0,-26.0,818.0,102,1239
726,2016-01-30,-87.0,-26.0,819.0,101,1238
727,2016-01-29,-88.0,-29.0,820.0,101,1237
728,2016-01-28,-87.0,-26.0,822.0,100,1236
729,2016-01-27,-88.0,-28.0,824.0,100,1235
730,2016-01-26,-88.0,-26.0,824.0,99,1234
731,2016-01-24,-88.0,-27.0,826.0,99,1233
732,2016-01-23,-88.0,-28.0,827.0,99,1232
733,2016-01-22,-88.0,-26.0,828.0,98,1231
734,2016-01-21,-88.0,-26.0,830.0,98,1230
735,2016-01-20,-88.0,-26.0,831.0,97,1229
736,2016-01-19,-88.0,-28.0,832.0,97,1228
737,2016-01-18,-88.0,-26.0,833.0,96,1227
738,2016-01-17,-87.0,-24.0,835.0,96,1226
739,2016-01-16,-87.0,-28.0,836.0,95,1225
740,2016-01-15,-88.0,-29.0,837.0,95,1224
741,2016-01-14,-88.0,-26.0,839.0,94,1223
742,2016-01-13,-87.0,-28.0,840.0,94,1222
743,2016-01-12,-87.0,-28.0,841.0,93,1221
744,2016-01-11,-87.0,-28.0,842.0,93,1220
745,2016-01-10,-87.0,-27.0,844.0,93,1219
746,2016-01-09,-86.0,-32.0,845.0,92,1218
747,2016-01-08,-88.0,-27.0,846.0,92,1217
748,2016-01-07,-86.0,-28.0,847.0,91,1216
749,2016-01-06,-85.0,-27.0,848.0,91,1215
750,2016-01-05,-85.0,-24.0,849.0,90,1214
751,2016-01-04,-84.0,-27.0,851.0,90,1213
752,2016-01-03,-86.0,-28.0,851.0,89,1212
753,2016-01-02,-83.0,-22.0,853.0,89,1211
754,2016-01-01,-85.0,-23.0,854.0,88,1210
755,2015-12-31,-85.0,-24.0,855.0,88,1209
756,2015-12-30,-85.0,-24.0,857.0,88,1208
757,2015-12-29,-85.0,-25.0,858.0,87,1207
758,2015-12-28,-85.0,-24.0,859.0,87,1206
759,2015-12-27,-86.0,-26.0,861.0,86,1205
760,2015-12-26,-84.0,-25.0,862.0,86,1204
761,2015-12-25,-85.0,-23.0,863.0,85,1203
762,2015-12-24,-85.0,-22.0,864.0,85,1202
763,2015-12-23,-85.0,-29.0,866.0,84,1201
764,2015-12-22,-84.0,-27.0,866.0,84,1200
765,2015-12-21,-86.0,-29.0,868.0,84,1199
766,2015-12-20,-86.0,-23.0,868.0,83,1198
767,2015-12-18,-85.0,-26.0,869.0,83,1197
768,2015-12-17,-86.0,-27.0,871.0,82,1196
769,2015-12-16,-86.0,-32.0,872.0,82,1195
770,2015-12-15,-84.0,-29.0,873.0,81,1194
771,2015-12-14,-84.0,-28.0,875.0,81,1193
772,2015-12-13,-86.0,-24.0,876.0,80,1192
773,2015-12-12,-87.0,-28.0,876.0,80,1191
774,2015-12-11,-87.0,-29.0,877.0,79,1190
775,2015-12-10,-87.0,-24.0,879.0,79,1189
776,2015-12-09,-90.0,-31.0,881.0,79,1188
777,2015-12-08,-84.0,-29.0,881.0,78,1187
778,2015-12-07,-86.0,-28.0,881.0,78,1186
779,2015-12-06,-84.0,-24.0,881.0,77,1185
780,2015-12-05,-85.0,-28.0,882.0,77,1184
781,2015-12-04,-86.0,-26.0,883.0,76,1183
782,2015-12-03,-85.0,-29.0,884.0,76,1182
783,2015-12-02,-86.0,-24.0,885.0,75,1181
784,2015-12-01,-86.0,-27.0,886.0,75,1180
785,2015-11-30,-85.0,-25.0,887.0,75,1179
786,2015-11-29,-86.0,-26.0,888.0,74,1178
787,2015-11-28,-84.0,-27.0,888.0,74,1177
788,2015-11-27,-84.0,-31.0,890.0,73,1176
789,2015-11-26,-85.0,-23.0,890.0,73,1175
790,2015-11-25,-85.0,-25.0,891.0,72,1174
791,2015-11-24,-87.0,-31.0,892.0,72,1173
792,2015-11-23,-87.0,-26.0,892.0,71,1172
793,2015-11-22,-87.0,-29.0,892.0,71,1171
794,2015-11-21,-85.0,-31.0,893.0,71,1170
795,2015-11-20,-89.0,-32.0,894.0,70,1169
796,2015-11-19,-84.0,-29.0,894.0,70,1168
797,2015-11-18,-84.0,-25.0,894.0,69,1167
798,2015-11-17,-84.0,-31.0,895.0,69,1166
799,2015-11-16,-84.0,-35.0,897.0,68,1165
800,2015-11-15,-86.0,-35.0,896.0,68,1164
801,2015-11-14,-86.0,-29.0,896.0,67,1163
802,2015-11-13,-84.0,-27.0,897.0,67,1162
803,2015-11-12,-83.0,-26.0,898.0,66,1161
804,2015-11-10,-80.0,-28.0,899.0,66,1160
805,2015-11-09,-82.0,-28.0,898.0,66,1159
806,2015-11-08,-82.0,-28.0,898.0,65,1158
807,2015-11-07,-82.0,-32.0,900.0,65,1157
808,2015-11-06,-84.0,-30.0,900.0,64,1156
809,2015-11-05,-84.0,-26.0,900.0,64,1155
810,2015-11-04,-84.0,-29.0,900.0,63,1154
811,2015-11-03,-82.0,-31.0,900.0,63,1153
812,2015-11-02,-80.0,-30.0,901.0,62,1152
813,2015-11-01,-82.0,-31.0,901.0,62,1151
814,2015-10-31,-82.0,-29.0,902.0,62,1150
815,2015-10-30,-81.0,-23.0,902.0,61,1149
816,2015-10-29,-80.0,-28.0,901.0,61,1148
817,2015-10-28,-80.0,-29.0,901.0,60,1147
818,2015-10-27,-82.0,-28.0,902.0,60,1146
819,2015-10-26,-82.0,-29.0,903.0,59,1145
820,2015-10-25,-82.0,-28.0,902.0,59,1144
821,2015-10-24,-82.0,-29.0,901.0,58,1143
822,2015-10-23,-82.0,-23.0,902.0,58,1142
823,2015-10-22,-82.0,-28.0,902.0,57,1141
824,2015-10-21,-81.0,-26.0,901.0,57,1140
825,2015-10-20,-80.0,-25.0,901.0,57,1139
826,2015-10-19,-82.0,-29.0,901.0,56,1138
827,2015-10-18,-81.0,-26.0,901.0,56,1137
828,2015-10-17,-82.0,-23.0,901.0,55,1136
829,2015-10-16,-81.0,-27.0,901.0,55,1135
830,2015-10-15,-80.0,-27.0,902.0,54,1134
831,2015-10-14,-82.0,-26.0,902.0,54,1133
832,2015-10-13,-82.0,-27.0,902.0,53,1132
833,2015-10-12,-81.0,-28.0,902.0,53,1131
834,2015-10-11,-81.0,-25.0,902.0,53,1130
835,2015-10-10,-80.0,-23.0,902.0,52,1129
836,2015-10-09,-79.0,-27.0,902.0,52,1128
837,2015-10-08,-80.0,-27.0,901.0,51,1127
838,2015-10-07,-79.0,-21.0,901.0,51,1126
839,2015-10-06,-79.0,-22.0,900.0,50,1125
840,2015-10-04,-80.0,-26.0,900.0,50,1124
841,2015-10-03,-79.0,-27.0,900.0,49,1123
842,2015-10-02,-79.0,-26.0,901.0,49,1122
843,2015-10-01,-81.0,-25.0,901.0,48,1121
844,2015-09-30,-80.0,-24.0,900.0,48,1120
845,2015-09-29,-81.0,-22.0,899.0,48,1119
846,2015-09-28,-80.0,-25.0,898.0,47,1118
847,2015-09-27,-79.0,-25.0,898.0,47,1117
848,2015-09-26,-79.0,-26.0,898.0,46,1116
849,2015-09-25,-80.0,-21.0,897.0,46,1115
850,2015-09-24,-79.0,-25.0,896.0,45,1114
851,2015-09-23,-79.0,-24.0,895.0,45,1113
852,2015-09-22,-80.0,-24.0,895.0,44,1112
853,2015-09-21,-79.0,-26.0,896.0,44,1111
854,2015-09-20,-81.0,-25.0,895.0,43,1110
855,2015-09-19,-82.0,-26.0,895.0,43,1109
856,2015-09-18,-78.0,-25.0,895.0,42,1108
857,2015-09-17,-79.0,-24.0,893.0,42,1107
858,2015-09-16,-82.0,-22.0,893.0,42,1106
859,2015-09-15,-78.0,-25.0,892.0,41,1105
860,2015-09-14,-79.0,-25.0,893.0,41,1104
861,2015-09-13,-81.0,-26.0,893.0,40,1103
862,2015-09-12,-84.0,-25.0,892.0,40,1102
863,2015-09-11,-80.0,-23.0,891.0,39,1101
864,2015-09-10,-79.0,-22.0,890.0,39,1100
865,2015-09-09,-78.0,-24.0,891.0,38,1099
866,2015-09-08,-77.0,-26.0,890.0,38,1098
867,2015-09-07,-78.0,-27.0,889.0,37,1097
868,2015-09-06,-79.0,-24.0,888.0,37,1096
869,2015-09-05,-79.0,-24.0,888.0,36,1095
870,2015-09-04,-80.0,-20.0,888.0,36,1094
871,2015-09-03,-77.0,-21.0,887.0,36,1093
872,2015-09-02,-79.0,-23.0,886.0,35,1092
873,2015-09-01,-77.0,-21.0,886.0,35,1091
874,2015-08-31,-78.0,-20.0,886.0,34,1090
875,2015-08-30,-76.0,-19.0,885.0,34,1089
876,2015-08-29,-77.0,-19.0,885.0,33,1088
877,2015-08-27,-78.0,-19.0,885.0,33,1087
878,2015-08-26,-77.0,-25.0,885.0,32,1086
879,2015-08-25,-79.0,-23.0,886.0,32,1085
880,2015-08-24,-78.0,-22.0,885.0,31,1084
881,2015-08-23,-80.0,-20.0,883.0,31,1083
882,2015-08-22,-79.0,-17.0,882.0,30,1082
883,2015-08-21,-77.0,-18.0,882.0,30,1081
884,2015-08-20,-77.0,-17.0,882.0,29,1080
885,2015-08-19,-80.0,-21.0,882.0,29,1079
886,2015-08-18,-80.0,-18.0,881.0,29,1078
887,2015-08-17,-79.0,-16.0,880.0,28,1077
888,2015-08-16,-81.0,-14.0,880.0,28,1076
889,2015-08-15,-77.0,-13.0,879.0,27,1075
890,2015-08-14,-77.0,-14.0,878.0,27,1074
891,2015-08-13,-82.0,-15.0,879.0,26,1073
892,2015-08-12,-78.0,-15.0,879.0,26,1072
893,2015-08-11,-78.0,-16.0,878.0,25,1071
894,2015-08-10,-80.0,-14.0,877.0,25,1070
895,2015-08-09,-77.0,-22.0,876.0,24,1069
896,2015-08-08,-76.0,-23.0,874.0,24,1068
897,2015-08-07,-79.0,-24.0,875.0,23,1067
898,2015-08-06,-78.0,-14.0,875.0,23,1066
899,2015-08-05,-78.0,-19.0,873.0,22,1065
900,2015-08-04,-77.0,-22.0,871.0,22,1064
901,2015-08-03,-79.0,-19.0,871.0,21,1063
902,2015-08-02,-77.0,-24.0,871.0,21,1062
903,2015-08-01,-77.0,-23.0,871.0,20,1061
904,2015-07-31,-78.0,-16.0,870.0,20,1060
905,2015-07-30,-78.0,-20.0,870.0,19,1059
906,2015-07-29,-78.0,-22.0,868.0,19,1058
907,2015-07-28,-78.0,-22.0,867.0,18,1057
908,2015-07-27,-76.0,-21.0,868.0,18,1056
909,2015-07-26,-77.0,-20.0,868.0,17,1055
910,2015-07-25,-77.0,-11.0,867.0,17,1054
911,2015-07-24,-79.0,-11.0,865.0,17,1053
912,2015-07-23,-78.0,-12.0,865.0,16,1052
913,2015-07-21,-76.0,-20.0,864.0,16,1051
914,2015-07-20,-76.0,-22.0,863.0,15,1050
915,2015-07-19,-75.0,-21.0,864.0,15,1049
916,2015-07-18,-78.0,-15.0,864.0,14,1048
917,2015-07-17,-77.0,-14.0,863.0,14,1047
918,2015-07-16,-77.0,-12.0,862.0,13,1046
919,2015-07-15,-80.0,-13.0,861.0,13,1045
920,2015-07-14,-79.0,-20.0,860.0,12,1044
921,2015-07-13,-77.0,-20.0,860.0,12,1043
922,2015-07-12,-76.0,-20.0,859.0,11,1042
923,2015-07-11,-77.0,-22.0,859.0,11,1041
924,2015-07-10,-77.0,-21.0,858.0,10,1040
925,2015-07-09,-77.0,-21.0,857.0,10,1039
926,2015-07-08,-76.0,-21.0,858.0,9,1038
927,2015-07-07,-80.0,-21.0,856.0,9,1037
928,2015-07-06,-76.0,-17.0,856.0,8,1036
929,2015-07-05,-77.0,-12.0,857.0,8,1035
930,2015-07-04,-76.0,-14.0,859.0,7,1034
931,2015-07-03,-77.0,-14.0,856.0,7,1033
932,2015-07-02,-74.0,-16.0,854.0,6,1032
933,2015-07-01,-76.0,-15.0,854.0,6,1031
934,2015-06-30,-77.0,-15.0,855.0,5,1030
935,2015-06-29,-75.0,-14.0,856.0,5,1029
936,2015-06-28,-75.0,-15.0,853.0,4,1028
937,2015-06-26,-78.0,-16.0,851.0,3,1026
938,2015-06-25,-74.0,-14.0,851.0,3,1025
939,2015-06-24,-76.0,-15.0,851.0,2,1024
940,2015-06-23,-76.0,-15.0,851.0,2,1023
941,2015-06-22,-75.0,-12.0,852.0,1,1022
942,2015-06-21,-76.0,-14.0,850.0,1,1021
943,2015-06-20,-63.0,-12.0,832.0,0,1020
944,2015-06-19,-81.0,-14.0,849.0,0,1019
945,2015-06-18,-79.0,-15.0,850.0,359,1018
946,2015-06-17,-78.0,-12.0,850.0,359,1017
947,2015-06-16,-76.0,-11.0,847.0,358,1016
948,2015-06-14,-75.0,-13.0,847.0,357,1015
949,2015-06-13,-77.0,-14.0,846.0,357,1014
950,2015-06-12,-80.0,-12.0,846.0,356,1013
951,2015-06-11,-81.0,-16.0,846.0,356,1012
952,2015-06-10,-78.0,-12.0,845.0,355,1011
953,2015-06-09,-74.0,-11.0,846.0,355,1010
954,2015-06-08,-75.0,-12.0,845.0,354,1009
955,2015-06-07,-79.0,-12.0,844.0,354,1008
956,2015-06-06,-79.0,-12.0,845.0,353,1007
957,2015-06-05,-78.0,-13.0,844.0,353,1006
958,2015-06-04,-75.0,-12.0,843.0,352,1005
959,2015-06-03,-74.0,-9.0,842.0,352,1004
960,2015-06-02,-74.0,-10.0,843.0,351,1003
961,2015-06-01,-77.0,-12.0,844.0,351,1002
962,2015-05-31,-79.0,-12.0,843.0,350,1001
963,2015-05-30,-74.0,-12.0,841.0,350,1000
964,2015-05-28,-73.0,-8.0,842.0,349,998
965,2015-05-27,-74.0,-13.0,843.0,348,997
966,2015-05-26,-72.0,-4.0,842.0,348,996
967,2015-05-25,-74.0,-4.0,842.0,347,995
968,2015-05-24,-79.0,-5.0,842.0,346,994
969,2015-05-23,-73.0,-8.0,840.0,346,993
970,2015-05-22,-73.0,-6.0,842.0,345,992
971,2015-05-21,-73.0,-3.0,840.0,345,991
972,2015-05-20,-76.0,-1.0,839.0,344,990
973,2015-05-19,-74.0,-10.0,841.0,344,989
974,2015-05-18,-75.0,-10.0,840.0,343,988
975,2015-05-17,-74.0,-7.0,839.0,343,987
976,2015-05-16,-74.0,-1.0,840.0,342,986
977,2015-05-15,-78.0,-5.0,840.0,342,985
978,2015-05-14,-74.0,-6.0,840.0,341,984
979,2015-05-13,-76.0,-6.0,840.0,340,983
980,2015-05-12,-74.0,-4.0,840.0,340,982
981,2015-05-11,-73.0,-3.0,841.0,339,981
982,2015-05-10,-73.0,1.0,840.0,339,980
983,2015-05-09,-79.0,-4.0,841.0,338,979
984,2015-05-07,-73.0,-2.0,842.0,338,978
985,2015-05-06,-75.0,-4.0,841.0,337,977
986,2015-05-05,-75.0,-6.0,842.0,337,976
987,2015-05-04,-73.0,-3.0,843.0,336,975
988,2015-05-03,-73.0,-3.0,842.0,336,974
989,2015-05-02,-72.0,-4.0,844.0,335,973
990,2015-05-01,-73.0,-3.0,847.0,334,972
991,2015-04-30,-71.0,-3.0,848.0,334,971
992,2015-04-29,-71.0,-4.0,849.0,333,970
993,2015-04-28,-72.0,-2.0,844.0,333,969
994,2015-04-27,-71.0,-3.0,848.0,332,968
995,2015-04-26,-74.0,-2.0,844.0,332,967
996,2015-04-25,-73.0,-12.0,850.0,331,966
997,2015-04-24,-75.0,-10.0,847.0,331,965
998,2015-04-23,-72.0,-13.0,847.0,330,964
999,2015-04-22,-71.0,-5.0,850.0,329,963
1000,2015-04-21,-73.0,-2.0,845.0,329,962
1001,2015-04-20,-71.0,-3.0,849.0,328,961
1002,2015-04-19,-76.0,-8.0,846.0,328,960
1003,2015-04-18,-78.0,-4.0,846.0,327,959
1004,2015-04-17,-74.0,-9.0,848.0,327,958
1005,2015-04-16,,,,326,957
1006,2015-04-13,-73.0,-3.0,847.0,324,954
1007,2015-04-12,-71.0,-5.0,847.0,324,953
1008,2015-04-11,-69.0,-6.0,847.0,323,952
1009,2015-04-10,-75.0,-4.0,849.0,323,951
1010,2015-04-09,-73.0,0.0,850.0,322,950
1011,2015-04-08,-72.0,-4.0,851.0,321,949
1012,2015-04-07,-73.0,-8.0,854.0,321,948
1013,2015-04-06,-70.0,-3.0,853.0,320,947
1014,2015-04-05,-77.0,-2.0,850.0,320,946
1015,2015-04-04,-72.0,-1.0,851.0,319,945
1016,2015-04-03,-70.0,0.0,852.0,318,944
1017,2015-04-02,-73.0,-1.0,854.0,318,943
1018,2015-03-31,-74.0,-1.0,857.0,317,942
1019,2015-03-30,-74.0,0.0,857.0,317,941
1020,2015-03-29,-73.0,-2.0,861.0,316,940
1021,2015-03-28,,,,316,939
1022,2015-03-26,-73.0,0.0,863.0,314,937
1023,2015-03-25,-72.0,-3.0,865.0,314,936
1024,2015-03-24,-75.0,-2.0,862.0,313,935
1025,2015-03-23,-73.0,1.0,858.0,313,934
1026,2015-03-22,-71.0,-4.0,863.0,312,933
1027,2015-03-21,-71.0,1.0,859.0,311,932
1028,2015-03-20,-69.0,-1.0,864.0,311,931
1029,2015-03-19,-75.0,-1.0,865.0,310,930
1030,2015-03-18,-75.0,0.0,866.0,310,929
1031,2015-03-17,-72.0,0.0,862.0,309,928
1032,2015-03-16,-76.0,-2.0,862.0,308,927
1033,2015-03-15,-76.0,1.0,864.0,308,926
1034,2015-03-14,-71.0,-2.0,862.0,307,925
1035,2015-03-13,-74.0,-1.0,867.0,307,924
1036,2015-03-12,-72.0,-5.0,867.0,306,923
1037,2015-03-11,-73.0,-2.0,870.0,305,922
1038,2015-03-10,-70.0,2.0,867.0,305,921
1039,2015-03-09,-72.0,-2.0,868.0,304,920
1040,2015-03-08,-74.0,-3.0,870.0,304,919
1041,2015-03-07,-71.0,0.0,867.0,303,918
1042,2015-03-06,-76.0,-1.0,871.0,302,917
1043,2015-03-05,-71.0,-5.0,872.0,302,916
1044,2015-03-04,-71.0,-4.0,878.0,301,915
1045,2015-03-03,-71.0,0.0,874.0,300,914
1046,2015-03-02,-71.0,-4.0,871.0,300,913
1047,2015-03-01,-75.0,-4.0,875.0,299,912
1048,2015-02-28,-70.0,0.0,874.0,299,911
1049,2015-02-27,-73.0,0.0,878.0,298,910
1050,2015-02-26,-70.0,-2.0,878.0,297,909
1051,2015-02-25,-71.0,-3.0,883.0,297,908
1052,2015-02-24,-75.0,-1.0,879.0,296,907
1053,2015-02-22,-76.0,-3.0,878.0,296,906
1054,2015-02-21,-71.0,-2.0,880.0,295,905
1055,2015-02-20,-71.0,0.0,878.0,294,904
1056,2015-02-19,-71.0,-2.0,882.0,294,903
1057,2015-02-18,-68.0,0.0,883.0,293,902
1058,2015-02-17,-71.0,-2.0,885.0,292,901
1059,2015-02-16,-70.0,1.0,883.0,292,900
1060,2015-02-15,-75.0,-1.0,881.0,291,899
1061,2015-02-14,-72.0,2.0,883.0,291,898
1062,2015-02-13,-72.0,5.0,884.0,290,897
1063,2015-02-12,-70.0,1.0,888.0,289,896
1064,2015-02-11,-72.0,-4.0,889.0,289,895
1065,2015-02-10,-75.0,-4.0,891.0,288,894
1066,2015-02-09,-72.0,2.0,890.0,287,893
1067,2015-02-08,-71.0,-3.0,892.0,287,892
1068,2015-02-07,-72.0,-3.0,892.0,286,891
1069,2015-02-06,-72.0,-4.0,892.0,286,890
1070,2015-02-05,-70.0,2.0,895.0,285,889
1071,2015-02-04,-70.0,-5.0,896.0,284,888
1072,2015-02-03,-73.0,-4.0,897.0,284,887
1073,2015-02-02,-73.0,-6.0,894.0,283,886
1074,2015-02-01,-71.0,-4.0,895.0,282,885
1075,2015-01-31,-71.0,-5.0,897.0,282,884
1076,2015-01-30,-74.0,-4.0,897.0,281,883
1077,2015-01-29,-76.0,-6.0,901.0,280,882
1078,2015-01-28,-73.0,-4.0,899.0,280,881
1079,2015-01-27,,,,279,880
1080,2015-01-19,-72.0,1.0,902.0,274,872
1081,2015-01-18,-70.0,-7.0,903.0,273,871
1082,2015-01-17,-74.0,-6.0,909.0,273,870
1083,2015-01-15,-72.0,-4.0,906.0,272,869
1084,2015-01-14,-71.0,-4.0,908.0,271,868
1085,2015-01-13,-71.0,-2.0,910.0,271,867
1086,2015-01-12,-71.0,-4.0,911.0,270,866
1087,2015-01-11,-70.0,-5.0,913.0,270,865
1088,2015-01-10,-70.0,-1.0,914.0,269,864
1089,2015-01-09,-72.0,-13.0,916.0,268,863
1090,2015-01-08,-70.0,-2.0,917.0,268,862
1091,2015-01-07,-70.0,-7.0,917.0,267,861
1092,2015-01-06,-69.0,-8.0,916.0,266,860
1093,2015-01-05,-72.0,-8.0,915.0,266,859
1094,2015-01-04,-73.0,-6.0,913.0,265,858
1095,2015-01-03,-76.0,0.0,911.0,264,857
1096,2015-01-02,-68.0,-3.0,912.0,264,856
1097,2015-01-01,-69.0,0.0,912.0,263,855
1098,2014-12-31,-66.0,3.0,910.0,262,854
1099,2014-12-30,-67.0,0.0,913.0,262,853
1100,2014-12-29,-73.0,-3.0,916.0,261,852
1101,2014-12-28,-68.0,-6.0,919.0,260,851
1102,2014-12-27,-68.0,-1.0,918.0,260,850
1103,2014-12-26,-69.0,-1.0,918.0,259,849
1104,2014-12-25,-69.0,-4.0,918.0,258,848
1105,2014-12-24,-69.0,-8.0,918.0,258,847
1106,2014-12-23,-74.0,-7.0,925.0,257,846
1107,2014-12-22,-73.0,0.0,920.0,257,845
1108,2014-12-21,-68.0,5.0,917.0,256,844
1109,2014-12-20,-69.0,1.0,916.0,255,843
1110,2014-12-19,-69.0,-6.0,914.0,255,842
1111,2014-12-18,-75.0,-7.0,914.0,254,841
1112,2014-12-17,-74.0,-4.0,913.0,253,840
1113,2014-12-16,-70.0,-1.0,917.0,253,839
1114,2014-12-15,-69.0,-1.0,917.0,252,838
1115,2014-12-14,-69.0,4.0,916.0,251,837
1116,2014-12-13,-69.0,-1.0,916.0,251,836
1117,2014-12-12,-69.0,-1.0,917.0,250,835
1118,2014-12-11,-68.0,-3.0,918.0,249,834
1119,2014-12-09,-69.0,-1.0,923.0,249,833
1120,2014-12-08,-68.0,-2.0,924.0,248,832
1121,2014-12-07,-68.0,-6.0,920.0,247,831
1122,2014-12-06,-68.0,-1.0,918.0,247,830
1123,2014-12-05,-71.0,-2.0,914.0,246,829
1124,2014-12-04,-71.0,-1.0,914.0,245,828
1125,2014-12-03,-68.0,0.0,911.0,245,827
1126,2014-12-02,-68.0,0.0,914.0,244,826
1127,2014-12-01,-67.0,1.0,914.0,243,825
1128,2014-11-30,-67.0,2.0,914.0,243,824
1129,2014-11-29,-69.0,0.0,912.0,242,823
1130,2014-11-28,-71.0,1.0,911.0,242,822
1131,2014-11-27,-68.0,2.0,910.0,241,821
1132,2014-11-26,-68.0,-1.0,910.0,240,820
1133,2014-11-25,-71.0,0.0,913.0,240,819
1134,2014-11-24,-68.0,0.0,914.0,239,818
1135,2014-11-23,-69.0,0.0,913.0,238,817
1136,2014-11-22,-74.0,-7.0,909.0,238,816
1137,2014-11-21,-69.0,-8.0,905.0,237,815
1138,2014-11-20,-68.0,-3.0,902.0,236,814
1139,2014-11-19,-67.0,2.0,904.0,236,813
1140,2014-11-18,-75.0,3.0,902.0,235,812
1141,2014-11-17,-71.0,-6.0,900.0,234,811
1142,2014-11-16,-69.0,3.0,897.0,234,810
1143,2014-11-15,-70.0,-2.0,895.0,233,809
1144,2014-11-14,-67.0,7.0,893.0,232,808
1145,2014-11-13,-71.0,1.0,892.0,232,807
1146,2014-11-12,-69.0,2.0,893.0,231,806
1147,2014-11-11,-70.0,1.0,893.0,231,805
1148,2014-11-10,-73.0,0.0,891.0,230,804
1149,2014-11-09,-69.0,0.0,888.0,229,803
1150,2014-11-08,-69.0,7.0,887.0,229,802
1151,2014-11-07,-70.0,3.0,884.0,228,801
1152,2014-11-06,-67.0,-2.0,884.0,227,800
1153,2014-11-05,-70.0,-4.0,884.0,227,799
1154,2014-11-04,-67.0,0.0,883.0,226,798
1155,2014-11-03,-65.0,-1.0,879.0,225,797
1156,2014-11-01,-65.0,1.0,877.0,225,796
1157,2014-10-31,-68.0,1.0,875.0,224,795
1158,2014-10-30,-68.0,-5.0,874.0,223,794
1159,2014-10-29,-71.0,0.0,877.0,223,793
1160,2014-10-28,-71.0,0.0,873.0,222,792
1161,2014-10-27,-70.0,0.0,867.0,222,791
1162,2014-10-26,-68.0,2.0,864.0,221,790
1163,2014-10-25,-68.0,-4.0,862.0,220,789
1164,2014-10-24,-68.0,-5.0,862.0,220,788
1165,2014-10-23,-73.0,-7.0,860.0,219,787
1166,2014-10-22,-74.0,-4.0,861.0,218,786
1167,2014-10-21,-74.0,-1.0,858.0,218,785
1168,2014-10-20,-69.0,-4.0,857.0,217,784
1169,2014-10-19,-69.0,6.0,853.0,216,783
1170,2014-10-18,-71.0,9.0,854.0,216,782
1171,2014-10-17,-74.0,-5.0,849.0,215,781
1172,2014-10-16,-72.0,0.0,852.0,215,780
1173,2014-10-15,-71.0,6.0,845.0,214,779
1174,2014-10-14,-70.0,6.0,846.0,213,778
1175,2014-10-13,-72.0,8.0,841.0,213,777
1176,2014-10-12,-72.0,5.0,841.0,212,776
1177,2014-10-11,-71.0,3.0,838.0,211,775
1178,2014-10-10,-73.0,1.0,838.0,211,774
1179,2014-10-09,-70.0,8.0,838.0,210,773
1180,2014-10-08,-71.0,8.0,835.0,210,772
1181,2014-10-07,-71.0,9.0,836.0,209,771
1182,2014-10-06,-70.0,2.0,829.0,208,770
1183,2014-10-05,-73.0,4.0,829.0,208,769
1184,2014-10-04,-73.0,2.0,826.0,207,768
1185,2014-10-03,-71.0,9.0,824.0,206,767
1186,2014-10-02,-70.0,8.0,824.0,206,766
1187,2014-10-01,-73.0,5.0,820.0,205,765
1188,2014-09-30,-73.0,4.0,821.0,205,764
1189,2014-09-29,-78.0,6.0,817.0,204,763
1190,2014-09-28,-75.0,7.0,814.0,203,762
1191,2014-09-27,-72.0,7.0,814.0,203,761
1192,2014-09-25,-70.0,11.0,810.0,202,760
1193,2014-09-24,-77.0,8.0,809.0,201,759
1194,2014-09-23,-71.0,3.0,810.0,201,758
1195,2014-09-22,-73.0,5.0,807.0,200,757
1196,2014-09-21,-73.0,3.0,806.0,200,756
1197,2014-09-20,-74.0,2.0,806.0,199,755
1198,2014-09-19,-73.0,6.0,802.0,198,754
1199,2014-09-18,-73.0,8.0,800.0,198,753
1200,2014-09-17,-71.0,-3.0,798.0,197,752
1201,2014-09-16,-72.0,-6.0,797.0,197,751
1202,2014-09-15,-72.0,4.0,796.0,196,750
1203,2014-09-14,-73.0,3.0,794.0,195,749
1204,2014-09-13,-71.0,5.0,791.0,195,748
1205,2014-09-12,-73.0,6.0,789.0,194,747
1206,2014-09-11,-76.0,2.0,788.0,194,746
1207,2014-09-10,-74.0,1.0,787.0,193,745
1208,2014-09-09,-75.0,-2.0,786.0,192,744
1209,2014-09-08,-72.0,0.0,786.0,192,743
1210,2014-09-07,-72.0,0.0,784.0,191,742
1211,2014-09-06,-70.0,-1.0,784.0,191,741
1212,2014-09-05,-76.0,-2.0,782.0,190,740
1213,2014-09-04,-77.0,-1.0,779.0,189,739
1214,2014-09-03,-75.0,0.0,778.0,189,738
1215,2014-09-02,-74.0,3.0,777.0,188,737
1216,2014-09-01,-76.0,0.0,776.0,188,736
1217,2014-08-31,-73.0,1.0,776.0,187,735
1218,2014-08-30,-73.0,-3.0,776.0,186,734
1219,2014-08-29,-74.0,-2.0,773.0,186,733
1220,2014-08-28,-75.0,-8.0,773.0,185,732
1221,2014-08-27,-75.0,-4.0,771.0,185,731
1222,2014-08-26,-76.0,3.0,770.0,184,730
1223,2014-08-25,-75.0,3.0,768.0,183,729
1224,2014-08-24,-74.0,1.0,766.0,183,728
1225,2014-08-23,-76.0,1.0,766.0,182,727
1226,2014-08-22,-75.0,1.0,766.0,182,726
1227,2014-08-21,-73.0,-5.0,764.0,181,725
1228,2014-08-19,-74.0,1.0,763.0,181,724
1229,2014-08-18,-73.0,2.0,761.0,180,723
1230,2014-08-17,-74.0,1.0,760.0,179,722
1231,2014-08-16,-73.0,-5.0,761.0,179,721
1232,2014-08-15,-74.0,-1.0,760.0,178,720
1233,2014-08-14,-77.0,-1.0,758.0,178,719
1234,2014-08-13,-77.0,3.0,757.0,177,718
1235,2014-08-12,-76.0,5.0,756.0,176,717
1236,2014-08-11,-75.0,2.0,755.0,176,716
1237,2014-08-10,-73.0,2.0,755.0,175,715
1238,2014-08-09,-76.0,2.0,754.0,175,714
1239,2014-08-08,-76.0,-12.0,754.0,174,713
1240,2014-08-07,-77.0,-10.0,752.0,174,712
1241,2014-08-06,-75.0,-11.0,751.0,173,711
1242,2014-08-05,-77.0,-12.0,751.0,172,710
1243,2014-08-04,-73.0,-11.0,750.0,172,709
1244,2014-08-03,-76.0,1.0,749.0,171,708
1245,2014-08-02,-76.0,1.0,749.0,171,707
1246,2014-08-01,-76.0,0.0,748.0,170,706
1247,2014-07-31,-76.0,-9.0,746.0,170,705
1248,2014-07-30,-75.0,-5.0,747.0,169,704
1249,2014-07-29,-75.0,-6.0,747.0,169,703
1250,2014-07-28,-76.0,-2.0,745.0,168,702
1251,2014-07-27,-77.0,-1.0,745.0,167,701
1252,2014-07-26,-75.0,-2.0,745.0,167,700
1253,2014-07-25,-76.0,-2.0,744.0,166,699
1254,2014-07-24,-77.0,-3.0,743.0,166,698
1255,2014-07-23,-74.0,-4.0,743.0,165,697
1256,2014-07-22,-75.0,-2.0,743.0,165,696
1257,2014-07-21,-76.0,-1.0,741.0,164,695
1258,2014-07-20,-75.0,-1.0,740.0,164,694
1259,2014-07-19,-76.0,-2.0,741.0,163,693
1260,2014-07-18,-76.0,-4.0,742.0,162,692
1261,2014-07-17,-76.0,-8.0,741.0,162,691
1262,2014-07-16,-77.0,-7.0,741.0,161,690
1263,2014-07-15,-76.0,-6.0,742.0,161,689
1264,2014-07-14,-77.0,-5.0,741.0,160,688
1265,2014-07-12,-77.0,-2.0,739.0,160,687
1266,2014-07-11,-76.0,-4.0,738.0,159,686
1267,2014-07-10,-77.0,-2.0,740.0,159,685
1268,2014-07-09,-75.0,-9.0,741.0,158,684
1269,2014-07-08,-79.0,-7.0,741.0,158,683
1270,2014-07-07,-77.0,-16.0,739.0,157,682
1271,2014-07-06,-79.0,-17.0,738.0,156,681
1272,2014-07-05,-76.0,-15.0,740.0,156,680
1273,2014-07-04,-77.0,-13.0,738.0,155,679
1274,2014-07-03,-77.0,-17.0,739.0,155,678
1275,2014-07-02,-78.0,-12.0,737.0,154,677
1276,2014-07-01,-80.0,-17.0,738.0,154,676
1277,2014-06-30,-80.0,-12.0,740.0,153,675
1278,2014-06-29,-80.0,-17.0,739.0,153,674
1279,2014-06-28,-78.0,-16.0,738.0,152,673
1280,2014-06-27,-78.0,-16.0,739.0,152,672
1281,2014-06-26,-79.0,-15.0,740.0,151,671
1282,2014-06-25,-79.0,-7.0,737.0,151,670
1283,2014-06-24,-84.0,-4.0,735.0,150,669
1284,2014-06-23,-75.0,-4.0,734.0,150,668
1285,2014-06-22,-76.0,-7.0,736.0,149,667
1286,2014-06-21,-77.0,-7.0,736.0,148,666
1287,2014-06-20,-78.0,-4.0,735.0,148,665
1288,2014-06-19,-78.0,-8.0,732.0,147,664
1289,2014-06-18,-77.0,-10.0,734.0,147,663
1290,2014-06-17,-77.0,-11.0,735.0,146,662
1291,2014-06-16,-76.0,-10.0,735.0,146,661
1292,2014-06-15,-78.0,-12.0,735.0,145,660
1293,2014-06-14,-77.0,-14.0,738.0,145,659
1294,2014-06-13,-79.0,-10.0,739.0,144,658
1295,2014-06-12,-79.0,-6.0,739.0,144,657
1296,2014-06-11,-80.0,-13.0,740.0,143,656
1297,2014-06-10,-77.0,-14.0,741.0,143,655
1298,2014-06-09,-79.0,-8.0,742.0,142,654
1299,2014-06-08,-80.0,-13.0,744.0,142,653
1300,2014-06-07,-79.0,-12.0,745.0,141,652
1301,2014-06-05,-80.0,-8.0,743.0,141,651
1302,2014-06-04,-80.0,-11.0,743.0,140,650
1303,2014-06-03,-79.0,-14.0,745.0,140,649
1304,2014-06-02,-80.0,-20.0,746.0,139,648
1305,2014-06-01,-79.0,-19.0,746.0,139,647
1306,2014-05-31,-81.0,-16.0,746.0,138,646
1307,2014-05-30,-81.0,-8.0,746.0,138,645
1308,2014-05-29,-80.0,-10.0,748.0,137,644
1309,2014-05-28,-80.0,-14.0,748.0,137,643
1310,2014-05-27,-80.0,-19.0,749.0,136,642
1311,2014-05-26,-81.0,-19.0,749.0,136,641
1312,2014-05-25,-81.0,-11.0,750.0,135,640
1313,2014-05-24,-80.0,-16.0,750.0,135,639
1314,2014-05-23,-80.0,-12.0,751.0,134,638
1315,2014-05-22,-80.0,-18.0,752.0,134,637
1316,2014-05-21,-81.0,-19.0,752.0,133,636
1317,2014-05-20,-82.0,-10.0,754.0,133,635
1318,2014-05-19,-82.0,-20.0,753.0,132,634
1319,2014-05-18,-81.0,-15.0,754.0,132,633
1320,2014-05-17,-79.0,-18.0,755.0,131,632
1321,2014-05-16,-81.0,-18.0,756.0,131,631
1322,2014-05-15,-82.0,-20.0,757.0,130,630
1323,2014-05-14,-84.0,-24.0,759.0,130,629
1324,2014-05-13,-81.0,-23.0,759.0,129,628
1325,2014-05-12,-82.0,-19.0,759.0,129,627
1326,2014-05-11,-82.0,-21.0,760.0,128,626
1327,2014-05-10,-81.0,-24.0,761.0,128,625
1328,2014-05-09,-82.0,-19.0,762.0,127,624
1329,2014-05-08,-83.0,-21.0,763.0,127,623
1330,2014-05-07,-84.0,-19.0,763.0,126,622
1331,2014-05-06,-82.0,-21.0,765.0,126,621
1332,2014-05-05,-83.0,-19.0,765.0,125,620
1333,2014-05-04,-82.0,-22.0,766.0,125,619
1334,2014-05-03,-83.0,-23.0,769.0,124,618
1335,2014-05-02,-84.0,-19.0,769.0,124,617
1336,2014-05-01,-82.0,-19.0,769.0,123,616
1337,2014-04-29,-83.0,-23.0,771.0,123,615
1338,2014-04-28,-82.0,-19.0,772.0,122,614
1339,2014-04-27,-84.0,-21.0,773.0,122,613
1340,2014-04-26,-85.0,-27.0,774.0,121,612
1341,2014-04-25,-84.0,-23.0,775.0,121,611
1342,2014-04-24,-85.0,-20.0,776.0,120,610
1343,2014-04-23,-84.0,-20.0,777.0,120,609
1344,2014-04-22,-85.0,-21.0,777.0,119,608
1345,2014-04-21,-83.0,-28.0,779.0,119,607
1346,2014-04-20,-84.0,-27.0,780.0,118,606
1347,2014-04-19,-83.0,-22.0,781.0,118,605
1348,2014-04-18,-84.0,-17.0,782.0,118,604
1349,2014-04-17,-83.0,-15.0,783.0,117,603
1350,2014-04-16,-82.0,-22.0,784.0,117,602
1351,2014-04-15,-82.0,-25.0,785.0,116,601
1352,2014-04-14,-81.0,-25.0,787.0,116,600
1353,2014-04-13,-84.0,-20.0,788.0,115,599
1354,2014-04-12,-84.0,-25.0,787.0,115,598
1355,2014-04-11,-84.0,-26.0,790.0,114,597
1356,2014-04-10,-82.0,-24.0,791.0,114,596
1357,2014-04-09,-83.0,-25.0,792.0,113,595
1358,2014-04-08,-83.0,-22.0,793.0,113,594
1359,2014-04-07,-83.0,-23.0,795.0,112,593
1360,2014-04-06,-83.0,-26.0,795.0,112,592
1361,2014-04-05,-82.0,-26.0,795.0,111,591
1362,2014-04-04,-82.0,-26.0,797.0,111,590
1363,2014-04-03,-85.0,-27.0,798.0,110,589
1364,2014-04-02,-84.0,-24.0,799.0,110,588
1365,2014-04-01,-85.0,-28.0,801.0,109,587
1366,2014-03-31,-82.0,-24.0,802.0,109,586
1367,2014-03-30,-83.0,-26.0,802.0,109,585
1368,2014-03-29,-82.0,-25.0,804.0,108,584
1369,2014-03-28,-82.0,-27.0,806.0,108,583
1370,2014-03-27,-84.0,-27.0,807.0,107,582
1371,2014-03-26,-84.0,-28.0,808.0,107,581
1372,2014-03-25,-83.0,-24.0,810.0,106,580
1373,2014-03-24,-82.0,-22.0,811.0,106,579
1374,2014-03-22,-83.0,-23.0,812.0,105,578
1375,2014-03-21,-84.0,-27.0,813.0,105,577
1376,2014-03-20,-84.0,-26.0,815.0,104,576
1377,2014-03-19,-82.0,-26.0,816.0,104,575
1378,2014-03-18,-85.0,-23.0,817.0,103,574
1379,2014-03-17,-84.0,-27.0,819.0,103,573
1380,2014-03-16,-85.0,-27.0,820.0,102,572
1381,2014-03-15,-84.0,-26.0,821.0,102,571
1382,2014-03-14,-84.0,-26.0,823.0,102,570
1383,2014-03-13,-85.0,-27.0,825.0,101,569
1384,2014-03-12,-86.0,-28.0,825.0,101,568
1385,2014-03-11,-86.0,-28.0,827.0,100,567
1386,2014-03-10,-86.0,-27.0,829.0,100,566
1387,2014-03-09,-85.0,-27.0,830.0,99,565
1388,2014-03-08,-86.0,-27.0,831.0,99,564
1389,2014-03-07,-87.0,-31.0,833.0,98,563
1390,2014-03-06,-85.0,-23.0,834.0,98,562
1391,2014-03-05,-85.0,-23.0,835.0,97,561
1392,2014-03-04,-86.0,-23.0,836.0,97,560
1393,2014-03-03,-85.0,-27.0,838.0,96,559
1394,2014-03-02,-85.0,-26.0,839.0,96,558
1395,2014-03-01,-85.0,-29.0,840.0,96,557
1396,2014-02-28,-85.0,-29.0,842.0,95,556
1397,2014-02-27,-85.0,-31.0,843.0,95,555
1398,2014-02-26,-84.0,-22.0,843.0,94,554
1399,2014-02-25,-84.0,-26.0,845.0,94,553
1400,2014-02-24,-86.0,-29.0,847.0,93,552
1401,2014-02-23,-85.0,-28.0,848.0,93,551
1402,2014-02-22,-85.0,-27.0,850.0,92,550
1403,2014-02-21,-87.0,-23.0,851.0,92,549
1404,2014-02-20,-86.0,-28.0,852.0,91,548
1405,2014-02-19,-85.0,-29.0,853.0,91,547
1406,2014-02-18,-85.0,-34.0,855.0,91,546
1407,2014-02-17,-85.0,-29.0,856.0,90,545
1408,2014-02-16,-86.0,-27.0,857.0,90,544
1409,2014-02-15,-84.0,-26.0,858.0,89,543
1410,2014-02-13,-85.0,-28.0,859.0,89,542
1411,2014-02-12,-84.0,-27.0,861.0,88,541
1412,2014-02-11,-84.0,-29.0,862.0,88,540
1413,2014-02-10,-85.0,-23.0,864.0,87,539
1414,2014-02-09,-85.0,-25.0,865.0,87,538
1415,2014-02-08,-83.0,-28.0,865.0,86,537
1416,2014-02-07,-83.0,-29.0,867.0,86,536
1417,2014-02-06,-88.0,-29.0,868.0,86,535
1418,2014-02-05,-86.0,-29.0,869.0,85,534
1419,2014-02-04,-87.0,-30.0,871.0,85,533
1420,2014-02-03,-88.0,-23.0,872.0,84,532
1421,2014-02-02,-87.0,-22.0,872.0,84,531
1422,2014-02-01,-87.0,-28.0,873.0,83,530
1423,2014-01-31,-87.0,-23.0,875.0,83,529
1424,2014-01-30,-86.0,-26.0,876.0,82,528
1425,2014-01-29,-86.0,-23.0,877.0,82,527
1426,2014-01-28,-87.0,-24.0,878.0,82,526
1427,2014-01-27,-87.0,-29.0,878.0,81,525
1428,2014-01-26,-85.0,-27.0,880.0,81,524
1429,2014-01-25,-85.0,-25.0,881.0,80,523
1430,2014-01-24,-85.0,-26.0,881.0,80,522
1431,2014-01-23,-87.0,-26.0,882.0,79,521
1432,2014-01-22,-86.0,-24.0,884.0,79,520
1433,2014-01-21,-86.0,-25.0,884.0,78,519
1434,2014-01-20,-85.0,-29.0,885.0,78,518
1435,2014-01-19,-86.0,-27.0,885.0,77,517
1436,2014-01-18,-86.0,-25.0,888.0,77,516
1437,2014-01-17,-86.0,-23.0,888.0,77,515
1438,2014-01-16,-86.0,-29.0,888.0,76,514
1439,2014-01-15,-86.0,-29.0,889.0,76,513
1440,2014-01-14,-86.0,-24.0,890.0,75,512
1441,2014-01-13,-85.0,-31.0,892.0,75,511
1442,2014-01-12,-85.0,-31.0,892.0,74,510
1443,2014-01-11,-86.0,-30.0,895.0,74,509
1444,2014-01-10,-83.0,-29.0,893.0,73,508
1445,2014-01-09,-85.0,-25.0,894.0,73,507
1446,2014-01-08,-86.0,-27.0,894.0,73,506
1447,2014-01-06,-85.0,-29.0,895.0,72,505
1448,2014-01-05,-85.0,-29.0,895.0,72,504
1449,2014-01-04,-86.0,-28.0,897.0,71,503
1450,2014-01-03,-87.0,-30.0,898.0,71,502
1451,2014-01-02,-86.0,-28.0,898.0,70,501
1452,2014-01-01,-85.0,-23.0,897.0,70,500
1453,2013-12-31,-84.0,-30.0,899.0,69,499
1454,2013-12-30,-86.0,-28.0,901.0,69,498
1455,2013-12-29,-86.0,-30.0,901.0,69,497
1456,2013-12-28,-85.0,-26.0,901.0,68,496
1457,2013-12-27,-86.0,-26.0,900.0,68,495
1458,2013-12-26,-85.0,-24.0,902.0,67,494
1459,2013-12-25,-84.0,-32.0,902.0,67,493
1460,2013-12-24,-86.0,-30.0,903.0,66,492
1461,2013-12-23,-86.0,-30.0,903.0,66,491
1462,2013-12-22,-87.0,-31.0,903.0,65,490
1463,2013-12-21,-85.0,-29.0,904.0,65,489
1464,2013-12-20,-87.0,-23.0,903.0,64,488
1465,2013-12-19,-85.0,-30.0,904.0,64,487
1466,2013-12-18,-84.0,-31.0,904.0,64,486
1467,2013-12-17,,,,63,485
1468,2013-12-10,,,,60,478
1469,2013-12-09,-85.0,-26.0,907.0,60,477
1470,2013-12-08,-85.0,-25.0,906.0,59,476
1471,2013-12-07,-85.0,-28.0,906.0,59,475
1472,2013-12-06,-84.0,-26.0,906.0,58,474
1473,2013-12-05,-86.0,-29.0,907.0,58,473
1474,2013-12-04,-84.0,-31.0,907.0,57,472
1475,2013-12-03,-84.0,-26.0,906.0,57,471
1476,2013-12-02,-85.0,-26.0,907.0,56,470
1477,2013-11-30,-85.0,-29.0,908.0,56,469
1478,2013-11-29,-85.0,-29.0,907.0,55,468
1479,2013-11-28,-84.0,-28.0,907.0,55,467
1480,2013-11-27,-85.0,-26.0,907.0,55,466
1481,2013-11-26,-85.0,-23.0,906.0,54,465
1482,2013-11-25,-84.0,-26.0,906.0,54,464
1483,2013-11-24,-86.0,-26.0,906.0,53,463
1484,2013-11-23,,,,53,462
1485,2013-11-18,,,,51,457
1486,2013-11-17,-83.0,-26.0,905.0,50,456
1487,2013-11-16,-84.0,-28.0,905.0,50,455
1488,2013-11-15,,,,49,454
1489,2013-11-05,,,,45,444
1490,2013-11-04,-81.0,-24.0,901.0,44,443
1491,2013-11-03,-80.0,-22.0,900.0,44,442
1492,2013-11-02,-81.0,-23.0,900.0,43,441
1493,2013-11-01,-80.0,-25.0,899.0,43,440
1494,2013-10-31,-80.0,-21.0,899.0,42,439
1495,2013-10-30,-79.0,-26.0,899.0,42,438
1496,2013-10-29,-82.0,-27.0,898.0,41,437
1497,2013-10-28,-81.0,-24.0,897.0,41,436
1498,2013-10-27,-81.0,-24.0,896.0,40,435
1499,2013-10-26,-80.0,-25.0,896.0,40,434
1500,2013-10-24,-81.0,-26.0,895.0,40,433
1501,2013-10-23,-80.0,-26.0,896.0,39,432
1502,2013-10-22,-83.0,-24.0,895.0,39,431
1503,2013-10-21,-82.0,-24.0,896.0,38,430
1504,2013-10-20,-82.0,-21.0,895.0,38,429
1505,2013-10-19,-81.0,-23.0,894.0,37,428
1506,2013-10-18,-81.0,-21.0,893.0,37,427
1507,2013-10-17,-79.0,-22.0,893.0,36,426
1508,2013-10-16,-81.0,-21.0,893.0,36,425
1509,2013-10-15,-81.0,-22.0,893.0,35,424
1510,2013-10-14,-81.0,-24.0,892.0,35,423
1511,2013-10-13,-82.0,-20.0,891.0,34,422
1512,2013-10-12,-81.0,-24.0,890.0,34,421
1513,2013-10-11,-80.0,-19.0,892.0,33,420
1514,2013-10-10,-82.0,-24.0,891.0,33,419
1515,2013-10-09,-79.0,-21.0,891.0,33,418
1516,2013-10-08,-82.0,-21.0,890.0,32,417
1517,2013-10-07,-79.0,-18.0,889.0,32,416
1518,2013-10-06,-82.0,-19.0,890.0,31,415
1519,2013-10-05,-79.0,-18.0,889.0,31,414
1520,2013-10-04,-82.0,-22.0,888.0,30,413
1521,2013-10-03,-80.0,-22.0,888.0,30,412
1522,2013-10-02,-82.0,-17.0,887.0,29,411
1523,2013-10-01,-81.0,-14.0,888.0,29,410
1524,2013-09-30,-81.0,-17.0,887.0,28,409
1525,2013-09-29,-80.0,-16.0,887.0,28,408
1526,2013-09-28,-81.0,-17.0,887.0,27,407
1527,2013-09-27,-81.0,-15.0,886.0,27,406
1528,2013-09-26,-82.0,-25.0,885.0,26,405
1529,2013-09-25,-78.0,-20.0,884.0,26,404
1530,2013-09-24,-80.0,-18.0,883.0,25,403
1531,2013-09-23,-78.0,-18.0,883.0,25,402
1532,2013-09-22,-79.0,-15.0,882.0,25,401
1533,2013-09-21,-79.0,-16.0,881.0,24,400
1534,2013-09-20,-79.0,-16.0,881.0,24,399
1535,2013-09-19,-79.0,-14.0,880.0,23,398
1536,2013-09-18,-75.0,-15.0,880.0,23,397
1537,2013-09-16,-78.0,-15.0,879.0,22,396
1538,2013-09-15,-77.0,-20.0,878.0,22,395
1539,2013-09-14,-79.0,-18.0,878.0,21,394
1540,2013-09-13,-76.0,-18.0,877.0,21,393
1541,2013-09-12,-77.0,-17.0,876.0,20,392
1542,2013-09-11,-78.0,-17.0,875.0,20,391
1543,2013-09-10,-78.0,-16.0,875.0,19,390
1544,2013-09-09,-79.0,-14.0,875.0,19,389
1545,2013-09-08,-79.0,-13.0,875.0,18,388
1546,2013-09-07,-78.0,-13.0,874.0,18,387
1547,2013-09-06,-77.0,-12.0,873.0,17,386
1548,2013-09-05,-78.0,-12.0,874.0,17,385
1549,2013-09-04,-77.0,-12.0,875.0,16,384
1550,2013-09-03,-77.0,-12.0,874.0,16,383
1551,2013-09-02,-76.0,-14.0,872.0,15,382
1552,2013-09-01,-79.0,-13.0,871.0,15,381
1553,2013-08-31,-79.0,-13.0,870.0,14,380
1554,2013-08-30,-79.0,-12.0,870.0,14,379
1555,2013-08-29,-78.0,-18.0,869.0,13,378
1556,2013-08-28,-78.0,-12.0,870.0,13,377
1557,2013-08-27,-78.0,-11.0,870.0,12,376
1558,2013-08-26,-77.0,-9.0,867.0,12,375
1559,2013-08-25,-79.0,-9.0,866.0,11,374
1560,2013-08-24,-79.0,-8.0,866.0,11,373
1561,2013-08-23,-76.0,-9.0,866.0,10,372
1562,2013-08-22,-77.0,-11.0,865.0,10,371
1563,2013-08-21,-79.0,-9.0,865.0,9,370
1564,2013-08-20,-75.0,-9.0,865.0,9,369
1565,2013-08-19,-77.0,-9.0,863.0,8,368
1566,2013-08-18,-76.0,-9.0,862.0,8,367
1567,2013-08-17,-76.0,-12.0,861.0,7,366
1568,2013-08-16,,,,7,365
1569,2013-08-08,,,,3,358
1570,2013-08-07,-76.0,-7.0,857.0,3,357
1571,2013-08-06,-77.0,-7.0,856.0,2,356
1572,2013-08-05,-75.0,-7.0,857.0,2,355
1573,2013-08-04,-75.0,-13.0,857.0,1,354
1574,2013-08-03,-75.0,-8.0,855.0,1,353
1575,2013-08-02,-77.0,-9.0,854.0,0,352
1576,2013-08-01,-75.0,-12.0,853.0,0,351
1577,2013-07-31,-76.0,-6.0,853.0,359,350
1578,2013-07-30,-75.0,-12.0,852.0,359,349
1579,2013-07-29,-74.0,-8.0,850.0,358,348
1580,2013-07-28,-77.0,-9.0,851.0,358,347
1581,2013-07-27,-76.0,-7.0,853.0,357,346
1582,2013-07-26,-77.0,-7.0,853.0,357,345
1583,2013-07-25,-77.0,-6.0,851.0,356,344
1584,2013-07-24,-77.0,-11.0,850.0,356,343
1585,2013-07-23,-76.0,-7.0,851.0,355,342
1586,2013-07-22,-77.0,-6.0,852.0,355,341
1587,2013-07-21,-76.0,-6.0,851.0,354,340
1588,2013-07-20,-76.0,-8.0,849.0,354,339
1589,2013-07-19,-78.0,-7.0,848.0,353,338
1590,2013-07-18,-75.0,-7.0,853.0,353,337
1591,2013-07-17,-76.0,-8.0,852.0,352,336
1592,2013-07-16,-76.0,-7.0,852.0,352,335
1593,2013-07-15,-74.0,-6.0,852.0,351,334
1594,2013-07-14,-75.0,-5.0,849.0,350,333
1595,2013-07-13,-76.0,-5.0,849.0,350,332
1596,2013-07-12,-74.0,-3.0,848.0,349,331
1597,2013-07-11,-75.0,-5.0,848.0,349,330
1598,2013-07-10,-74.0,-7.0,847.0,348,329
1599,2013-07-09,-75.0,-5.0,847.0,348,328
1600,2013-07-08,-74.0,-8.0,848.0,347,327
1601,2013-07-07,-72.0,-5.0,848.0,347,326
1602,2013-07-06,-74.0,-8.0,847.0,346,325
1603,2013-07-04,-75.0,-8.0,850.0,346,324
1604,2013-07-03,-74.0,-6.0,847.0,345,323
1605,2013-07-02,-74.0,-5.0,849.0,345,322
1606,2013-07-01,-75.0,-5.0,847.0,344,321
1607,2013-06-30,-74.0,-4.0,846.0,344,320
1608,2013-06-29,-73.0,-3.0,847.0,343,319
1609,2013-06-28,-74.0,-4.0,849.0,342,318
1610,2013-06-27,-72.0,-4.0,849.0,342,317
1611,2013-06-26,-74.0,-16.0,851.0,341,316
1612,2013-06-25,-74.0,-10.0,850.0,341,315
1613,2013-06-24,-73.0,-11.0,848.0,340,314
1614,2013-06-23,-77.0,-14.0,849.0,340,313
1615,2013-06-22,-71.0,-11.0,845.0,339,312
1616,2013-06-21,-74.0,-8.0,846.0,339,311
1617,2013-06-20,-71.0,-9.0,849.0,338,310
1618,2013-06-19,-72.0,-7.0,848.0,338,309
1619,2013-06-18,-73.0,-5.0,850.0,337,308
1620,2013-06-17,-72.0,-8.0,851.0,336,307
1621,2013-06-16,-71.0,-8.0,848.0,336,306
1622,2013-06-15,-71.0,-5.0,847.0,335,305
1623,2013-06-14,-70.0,-6.0,848.0,335,304
1624,2013-06-13,-71.0,-8.0,849.0,334,303
1625,2013-06-12,-71.0,-3.0,850.0,334,302
1626,2013-06-11,-73.0,-6.0,852.0,333,301
1627,2013-06-10,-72.0,-8.0,852.0,333,300
1628,2013-06-09,-71.0,-8.0,849.0,332,299
1629,2013-06-08,-72.0,-3.0,850.0,331,298
1630,2013-06-07,-72.0,-7.0,849.0,331,297
1631,2013-06-06,-71.0,-9.0,850.0,330,296
1632,2013-06-05,-71.0,-15.0,853.0,330,295
1633,2013-06-04,-72.0,-4.0,852.0,329,294
1634,2013-06-03,-72.0,-4.0,850.0,329,293
1635,2013-06-02,-71.0,-1.0,853.0,328,292
1636,2013-06-01,-70.0,-4.0,853.0,327,291
1637,2013-05-31,-71.0,-3.0,853.0,327,290
1638,2013-05-30,-71.0,-3.0,854.0,326,289
1639,2013-05-29,-69.0,-4.0,854.0,326,288
1640,2013-05-27,-72.0,-3.0,856.0,325,287
1641,2013-05-26,-71.0,-2.0,854.0,325,286
1642,2013-05-25,-70.0,-5.0,852.0,324,285
1643,2013-05-24,-71.0,-3.0,854.0,323,284
1644,2013-05-23,-68.0,-4.0,854.0,323,283
1645,2013-05-22,-72.0,-2.0,856.0,322,282
1646,2013-05-21,-68.0,-2.0,855.0,322,281
1647,2013-05-20,-69.0,-4.0,856.0,321,280
1648,2013-05-19,-68.0,-5.0,856.0,321,279
1649,2013-05-18,-67.0,-3.0,855.0,320,278
1650,2013-05-17,-69.0,-4.0,857.0,319,277
1651,2013-05-16,-69.0,-4.0,858.0,319,276
1652,2013-05-15,-67.0,-6.0,860.0,318,275
1653,2013-05-14,-70.0,-2.0,861.0,318,274
1654,2013-05-13,-70.0,-4.0,861.0,317,273
1655,2013-05-12,-71.0,-5.0,864.0,316,272
1656,2013-05-11,-69.0,-6.0,864.0,316,271
1657,2013-05-10,-67.0,-6.0,863.0,315,270
1658,2013-05-09,-72.0,-3.0,866.0,315,269
1659,2013-05-08,-70.0,-5.0,864.0,314,268
1660,2013-05-07,,,,313,267
1661,2013-05-02,,,,311,262
1662,2013-05-01,-70.0,-4.0,868.0,310,261
1663,2013-04-30,-70.0,-11.0,875.0,309,260
1664,2013-04-29,-72.0,-3.0,871.0,309,259
1665,2013-04-28,-71.0,-9.0,869.0,308,258
1666,2013-04-27,-70.0,-1.0,871.0,308,257
1667,2013-04-26,-70.0,-2.0,871.0,307,256
1668,2013-04-25,-69.0,-5.0,877.0,306,255
1669,2013-04-24,-70.0,-3.0,871.0,306,254
1670,2013-04-23,-71.0,-6.0,877.0,305,253
1671,2013-04-22,-71.0,-8.0,874.0,304,252
1672,2013-04-20,-71.0,-2.0,876.0,304,251
1673,2013-04-19,-70.0,-2.0,877.0,303,250
1674,2013-04-18,-69.0,-3.0,873.0,303,249
1675,2013-04-17,-70.0,-4.0,877.0,302,248
1676,2013-04-16,-71.0,-4.0,873.0,301,247
1677,2013-04-15,-73.0,-1.0,878.0,301,246
1678,2013-04-14,-70.0,-6.0,879.0,300,245
1679,2013-04-13,-69.0,-6.0,878.0,300,244
1680,2013-04-12,-71.0,-7.0,884.0,299,243
1681,2013-04-11,-70.0,-7.0,881.0,298,242
1682,2013-04-10,-72.0,0.0,884.0,298,241
1683,2013-04-09,-70.0,-6.0,884.0,297,240
1684,2013-04-08,-73.0,-1.0,885.0,297,239
1685,2013-04-07,-70.0,-2.0,885.0,296,238
1686,2013-04-06,-71.0,-5.0,883.0,295,237
1687,2013-04-05,-72.0,-3.0,886.0,295,236
1688,2013-04-04,-70.0,0.0,886.0,294,235
1689,2013-04-03,-69.0,-4.0,890.0,293,234
1690,2013-04-02,-69.0,-3.0,889.0,293,233
1691,2013-04-01,-69.0,-5.0,888.0,292,232
1692,2013-03-31,-71.0,-6.0,890.0,292,231
1693,2013-03-30,-69.0,0.0,888.0,291,230
1694,2013-03-29,-69.0,-4.0,894.0,290,229
1695,2013-03-28,-71.0,-3.0,894.0,290,228
1696,2013-03-27,-70.0,4.0,892.0,289,227
1697,2013-03-26,-70.0,1.0,894.0,288,226
1698,2013-03-25,-71.0,-8.0,894.0,288,225
1699,2013-03-24,-69.0,-1.0,894.0,287,224
1700,2013-03-23,-71.0,-5.0,895.0,287,223
1701,2013-03-22,,,,286,222
1702,2013-03-15,,,,281,215
1703,2013-02-27,,,,272,200
1704,2013-02-26,-66.0,0.0,917.0,271,199
1705,2013-02-25,-67.0,-2.0,914.0,271,198
1706,2013-02-24,-68.0,-3.0,915.0,270,197
1707,2013-02-23,-66.0,-3.0,916.0,269,196
1708,2013-02-22,,,,269,195
1709,2013-02-19,,,,267,192
1710,2013-02-18,-67.0,-3.0,921.0,266,191
1711,2013-02-17,-66.0,-3.0,917.0,265,190
1712,2013-02-16,-68.0,-2.0,920.0,265,189
1713,2013-02-15,-68.0,-3.0,920.0,264,188
1714,2013-02-14,-67.0,-1.0,921.0,263,187
1715,2013-02-13,-66.0,-2.0,922.0,263,186
1716,2013-02-12,-67.0,-5.0,923.0,262,185
1717,2013-02-11,-67.0,0.0,923.0,261,184
1718,2013-02-10,-67.0,-1.0,921.0,261,183
1719,2013-02-09,-67.0,0.0,921.0,260,182
1720,2013-02-08,-67.0,1.0,918.0,260,181
1721,2013-02-07,-67.0,-1.0,919.0,259,180
1722,2013-02-06,-66.0,-7.0,920.0,258,179
1723,2013-02-04,-66.0,-2.0,920.0,258,178
1724,2013-02-03,-66.0,-1.0,921.0,257,177
1725,2013-02-02,-67.0,0.0,920.0,256,176
1726,2013-02-01,-68.0,-4.0,921.0,256,175
1727,2013-01-31,-67.0,0.0,921.0,255,174
1728,2013-01-30,-67.0,0.0,920.0,254,173
1729,2013-01-29,-67.0,0.0,923.0,254,172
1730,2013-01-28,-67.0,1.0,925.0,253,171
1731,2013-01-27,-66.0,0.0,925.0,252,170
1732,2013-01-26,-66.0,0.0,922.0,252,169
1733,2013-01-25,-66.0,1.0,923.0,251,168
1734,2013-01-24,-65.0,-3.0,920.0,250,167
1735,2013-01-23,-65.0,-5.0,922.0,250,166
1736,2013-01-22,-65.0,-3.0,922.0,249,165
1737,2013-01-21,-64.0,-1.0,919.0,248,164
1738,2013-01-20,-65.0,-1.0,919.0,248,163
1739,2013-01-19,-65.0,-1.0,919.0,247,162
1740,2013-01-18,-65.0,-2.0,919.0,246,161
1741,2013-01-17,-67.0,-3.0,919.0,246,160
1742,2013-01-16,-65.0,-4.0,918.0,245,159
1743,2013-01-15,-66.0,-3.0,922.0,245,158
1744,2013-01-14,-64.0,-2.0,920.0,244,157
1745,2013-01-13,-65.0,0.0,922.0,243,156
1746,2013-01-12,-64.0,0.0,917.0,243,155
1747,2013-01-11,-65.0,-2.0,917.0,242,154
1748,2013-01-10,-65.0,1.0,915.0,241,153
1749,2013-01-09,-63.0,1.0,914.0,241,152
1750,2013-01-08,-65.0,-3.0,915.0,240,151
1751,2013-01-07,-64.0,-3.0,913.0,239,150
1752,2013-01-06,-65.0,0.0,914.0,239,149
1753,2013-01-05,-65.0,-3.0,912.0,238,148
1754,2013-01-04,-65.0,0.0,914.0,237,147
1755,2013-01-03,-65.0,-1.0,908.0,237,146
1756,2013-01-02,-64.0,-1.0,909.0,236,145
1757,2013-01-01,-64.0,2.0,907.0,235,144
1758,2012-12-31,-63.0,-2.0,908.0,235,143
1759,2012-12-29,-65.0,0.0,906.0,234,142
1760,2012-12-28,-64.0,-2.0,904.0,233,141
1761,2012-12-27,-66.0,-2.0,903.0,233,140
1762,2012-12-26,-66.0,0.0,899.0,232,139
1763,2012-12-25,-65.0,-1.0,899.0,232,138
1764,2012-12-24,-64.0,-1.0,896.0,231,137
1765,2012-12-23,-65.0,-1.0,897.0,230,136
1766,2012-12-22,-65.0,-5.0,894.0,230,135
1767,2012-12-21,-67.0,-1.0,893.0,229,134
1768,2012-12-20,-65.0,1.0,891.0,228,133
1769,2012-12-19,-65.0,-6.0,890.0,228,132
1770,2012-12-18,-65.0,-8.0,889.0,227,131
1771,2012-12-17,-65.0,-9.0,888.0,226,130
1772,2012-12-16,-65.0,-2.0,886.0,226,129
1773,2012-12-15,-67.0,-3.0,883.0,225,128
1774,2012-12-14,-67.0,-1.0,884.0,224,127
1775,2012-12-13,-66.0,-4.0,880.0,224,126
1776,2012-12-12,-68.0,-5.0,880.0,223,125
1777,2012-12-11,-66.0,-5.0,876.0,223,124
1778,2012-12-10,-66.0,-10.0,875.0,222,123
1779,2012-12-09,-65.0,-3.0,869.0,221,122
1780,2012-12-08,-66.0,0.0,869.0,221,121
1781,2012-12-07,-67.0,-3.0,867.0,220,120
1782,2012-12-06,-66.0,-6.0,866.0,219,119
1783,2012-12-05,-65.0,-6.0,864.0,219,118
1784,2012-12-04,-66.0,-5.0,861.0,218,117
1785,2012-12-03,-67.0,-6.0,859.0,217,116
1786,2012-12-02,-66.0,-8.0,857.0,217,115
1787,2012-12-01,-69.0,-6.0,857.0,216,114
1788,2012-11-30,-66.0,-6.0,857.0,216,113
1789,2012-11-29,-65.0,-8.0,852.0,215,112
1790,2012-11-28,-66.0,-4.0,849.0,214,111
1791,2012-11-27,-65.0,-5.0,848.0,214,110
1792,2012-11-26,-64.0,-3.0,844.0,213,109
1793,2012-11-25,-65.0,-4.0,845.0,212,108
1794,2012-11-24,-66.0,-5.0,844.0,212,107
1795,2012-11-23,-66.0,-8.0,841.0,211,106
1796,2012-11-21,-66.0,-6.0,839.0,211,105
1797,2012-11-20,-67.0,-5.0,838.0,210,104
1798,2012-11-19,-66.0,-3.0,836.0,209,103
1799,2012-11-18,-67.0,-3.0,833.0,209,102
1800,2012-11-17,-65.0,-2.0,830.0,208,101
1801,2012-11-16,-66.0,-1.0,829.0,207,100
1802,2012-11-15,-68.0,-1.0,829.0,207,99
1803,2012-11-14,-68.0,-1.0,828.0,206,98
1804,2012-11-13,-68.0,-3.0,828.0,206,97
1805,2012-11-12,-71.0,2.0,826.0,205,96
1806,2012-11-11,-68.0,0.0,822.0,204,95
1807,2012-11-10,-70.0,0.0,822.0,204,94
1808,2012-11-09,-72.0,-1.0,819.0,203,93
1809,2012-11-08,-74.0,-1.0,820.0,202,92
1810,2012-11-07,-74.0,-1.0,817.0,202,91
1811,2012-11-06,-71.0,0.0,813.0,201,90
1812,2012-11-05,-73.0,-1.0,813.0,201,89
1813,2012-11-04,-70.0,-2.0,811.0,200,88
1814,2012-11-03,-70.0,-2.0,808.0,199,87
1815,2012-11-02,-71.0,-4.0,808.0,199,86
1816,2012-11-01,-71.0,-1.0,805.0,198,85
1817,2012-10-31,-70.0,0.0,801.0,198,84
1818,2012-10-30,-72.0,0.0,801.0,197,83
1819,2012-10-29,-72.0,0.0,799.0,196,82
1820,2012-10-28,-72.0,-2.0,798.0,196,81
1821,2012-10-27,-70.0,-3.0,796.0,195,80
1822,2012-10-26,-73.0,-1.0,795.0,195,79
1823,2012-10-25,-71.0,0.0,793.0,194,78
1824,2012-10-24,-71.0,0.0,792.0,193,77
1825,2012-10-23,-73.0,-1.0,792.0,193,76
1826,2012-10-22,-73.0,-1.0,791.0,192,75
1827,2012-10-21,-72.0,-5.0,790.0,192,74
1828,2012-10-20,-70.0,0.0,788.0,191,73
1829,2012-10-19,-73.0,-2.0,785.0,190,72
1830,2012-10-18,-71.0,-2.0,784.0,190,71
1831,2012-10-17,-72.0,-1.0,783.0,189,70
1832,2012-10-15,-73.0,0.0,778.0,189,69
1833,2012-10-14,-71.0,-2.0,781.0,188,68
1834,2012-10-13,-73.0,-6.0,780.0,187,67
1835,2012-10-12,-73.0,-2.0,778.0,187,66
1836,2012-10-11,-72.0,-2.0,777.0,186,65
1837,2012-10-10,-74.0,0.0,776.0,186,64
1838,2012-10-09,-73.0,0.0,775.0,185,63
1839,2012-10-08,-72.0,-1.0,774.0,184,62
1840,2012-10-07,-72.0,-2.0,772.0,184,61
1841,2012-10-06,-75.0,-2.0,772.0,183,60
1842,2012-10-05,-76.0,-1.0,771.0,183,59
1843,2012-10-04,-74.0,-3.0,769.0,182,58
1844,2012-10-03,-73.0,-3.0,769.0,181,57
1845,2012-10-02,-73.0,-4.0,768.0,181,56
1846,2012-10-01,-74.0,-2.0,766.0,180,55
1847,2012-09-30,-72.0,-9.0,766.0,180,54
1848,2012-09-29,-71.0,-5.0,764.0,179,53
1849,2012-09-28,-74.0,-7.0,762.0,179,52
1850,2012-09-27,-76.0,-7.0,762.0,178,51
1851,2012-09-26,-72.0,-10.0,761.0,177,50
1852,2012-09-25,-74.0,-10.0,761.0,177,49
1853,2012-09-24,-75.0,0.0,759.0,176,48
1854,2012-09-23,-75.0,-9.0,758.0,176,47
1855,2012-09-22,-74.0,-12.0,758.0,175,46
1856,2012-09-21,-74.0,-9.0,758.0,175,45
1857,2012-09-20,-75.0,-10.0,757.0,174,44
1858,2012-09-19,-74.0,-12.0,756.0,173,43
1859,2012-09-18,-75.0,-7.0,754.0,173,42
1860,2012-09-17,-75.0,-12.0,753.0,172,41
1861,2012-09-16,-75.0,-12.0,753.0,172,40
1862,2012-09-15,-75.0,-8.0,751.0,171,39
1863,2012-09-14,-73.0,-13.0,750.0,171,38
1864,2012-09-13,-73.0,0.0,750.0,170,37
1865,2012-09-12,-73.0,-1.0,750.0,169,36
1866,2012-09-11,-73.0,-1.0,749.0,169,35
1867,2012-09-10,-73.0,1.0,748.0,168,34
1868,2012-09-08,-73.0,-2.0,748.0,168,33
1869,2012-09-07,,,,167,32
1870,2012-09-06,-74.0,-23.0,745.0,167,31
1871,2012-09-05,-74.0,-3.0,747.0,166,30
1872,2012-09-04,-75.0,-2.0,747.0,166,29
1873,2012-09-03,-75.0,-15.0,745.0,165,28
1874,2012-09-02,-75.0,-15.0,743.0,164,27
1875,2012-09-01,-76.0,-14.0,745.0,164,26
1876,2012-08-31,-75.0,-11.0,743.0,163,25
1877,2012-08-30,-75.0,-7.0,742.0,163,24
1878,2012-08-29,-75.0,-16.0,741.0,162,23
1879,2012-08-28,-74.0,-6.0,742.0,162,22
1880,2012-08-27,-74.0,-3.0,741.0,161,21
1881,2012-08-26,,,,161,20
1882,2012-08-25,,,,160,19
1883,2012-08-24,,,,160,18
1884,2012-08-23,-76.0,-4.0,742.0,159,17
1885,2012-08-22,-77.0,0.0,740.0,158,16
1886,2012-08-21,-78.0,-15.0,740.0,158,15
1887,2012-08-20,-74.0,-16.0,740.0,157,14
1888,2012-08-19,-74.0,-15.0,732.0,157,13
1889,2012-08-18,-76.0,-18.0,741.0,156,12
1890,2012-08-17,-76.0,-11.0,740.0,156,11
1891,2012-08-16,-75.0,-16.0,739.0,155,10
1892,2012-08-15,,,,155,9
1893,2012-08-07,,,,150,1
